id,player_name,games,time,goals,xG,assists,xA,shots,key_passes,yellow_cards,red_cards,position,team_title,npg,npxG,xGChain,xGBuildup,fplid,xG90,npxG90,xA90
1250,Mohamed Salah,27,2259,17,14.111419869586825,3,3.951563280075789,84,37,0,0,F S,Liverpool,11,9.544406870380042,17.950716800987717,7.1020126324146995,254,0.562207962931746,0.38025525380000164,0.15743280000301946
647,Harry Kane,25,2197,16,14.41612608358264,13,6.7384555246680975,96,39,1,0,F,Tottenham,13,12.132619481533766,17.97736019361764,3.6040820917114615,388,0.5905559160320608,0.4970121772134906,0.27604050852076867
1228,Bruno Fernandes,28,2389,16,12.640158579684794,10,9.244353186339142,86,77,5,0,M S,Manchester United,8,5.789675776846707,18.637919774279002,7.556721510365605,302,0.47618847725894997,0.21811252403357204,0.3482594335581929
453,Son Heung-Min,27,2359,13,8.78897314146161,9,7.839108360931277,51,53,0,0,F M,Tottenham,13,8.78897314146161,17.163966853171587,5.310479165986179,390,0.3353147870841649,0.3353147870841649,0.2990757746858054
822,Patrick Bamford,27,2341,13,13.942633245140314,5,2.631469937041402,89,18,1,0,F,Leeds,12,13.181464418768885,18.463941864669327,3.59461965598166,202,0.5360260538499052,0.5067628354076034,0.1011671483698104
5555,Dominic Calvert-Lewin,24,2068,13,13.675626147538425,0,0.8464997671544552,59,12,3,0,F S,Everton,13,13.675626147538425,14.112476021051409,3.6393170971423383,164,0.5951674822429682,0.5951674822429682,0.03683993183941053
314,Ilkay Gündogan,23,1750,12,8.60530795995146,1,3.2516184579581022,44,34,0,0,M S,Manchester City,11,7.082970225252211,17.015625275671482,8.812635011970999,271,0.442558695083218,0.364267040155828,0.16722609212355954
755,Jamie Vardy,24,1960,12,14.613247994333506,5,2.1699746344238515,57,17,1,0,F S,Leicester,6,9.285066153854133,11.176146529614924,0.9799528419971466,224,0.6710164895357221,0.426355078493302,0.09964169239701359
468,Callum Wilson,21,1818,10,11.645518999546766,5,2.4356185607612133,41,16,2,0,F,Newcastle United,6,8.600843619555235,11.298097867518663,0.6471007727086544,506,0.5765108415617212,0.42578433760174433,0.12057517627530759
8865,Ollie Watkins,26,2340,10,12.823414713144302,3,3.923236331902445,74,31,1,0,F,Aston Villa,9,11.30107708275318,16.43727245181799,4.3508193250745535,514,0.4932082581978578,0.4346568108751223,0.15089370507317096
318,Pierre-Emerick Aubameyang,23,1841,9,8.651518873870371,1,1.573388020507991,49,15,2,0,F M S,Arsenal,7,7.1291812136769295,12.160643605515359,3.658363253809512,4,0.4229422589072968,0.34852053733347294,0.07691739372391049
522,Wilfried Zaha,20,1715,9,7.288343966007233,2,2.5160806570202108,45,17,4,0,F M S,Crystal Palace,7,5.766006305813789,9.788252986967565,2.1981989201158285,141,0.38247869209367397,0.30258925220014055,0.13203921815266412
556,Marcus Rashford,28,2300,9,7.684350907802582,7,2.513211583718657,59,32,3,0,F M S,Manchester United,9,7.684350907802582,15.048389449715614,6.910988299176098,306,0.30069199204444885,0.30069199204444885,0.09834306197159962
618,Raheem Sterling,25,2063,9,10.342745684087275,5,5.090683531016111,53,32,2,0,F M S,Manchester City,9,9.581576827913524,20.960713569074873,10.342992320656775,276,0.4512104273232452,0.41800383640921823,0.2220850789100582
750,Riyad Mahrez,23,1634,9,4.971608453430235,4,5.284670090302825,48,40,0,0,F M S,Manchester City,9,4.971608453430235,15.891304606571795,7.378760093823075,275,0.2738340029429138,0.2738340029429138,0.29107729995548
3277,Alexandre Lacazette,23,1458,9,8.916651401668787,2,1.5221056565642357,30,18,2,0,F M S,Arsenal,7,7.394313756376505,11.36156933568418,2.778564870357513,6,0.5504105803499252,0.4564391207639818,0.09395713929408862
6681,Harvey Barnes,25,1954,9,6.697319919243455,4,1.7716880273073912,56,26,0,0,F M S,Leicester,9,6.697319919243455,8.893774410709739,1.5948405284434557,235,0.3084743053899237,0.3084743053899237,0.08160282623217256
986,Danny Ings,22,1697,8,6.144213739782572,3,2.093799487687648,41,18,1,0,F S,Southampton,6,4.621876016259193,7.648216301575303,1.5972645841538906,366,0.32585694553944106,0.24512011871734085,0.11104416846899724
6818,James Maddison,23,1642,8,2.952003562822938,5,3.9602269679307938,54,41,4,0,M S,Leicester,8,2.952003562822938,8.305179316550491,4.465912241488695,231,0.16180287494157394,0.16180287494157394,0.21706481553822865
8288,Tomas Soucek,27,2430,8,6.327596325427294,0,1.1384583450853825,42,11,4,1,M,West Ham,8,6.327596325427294,10.726919122040274,5.897566080093384,449,0.23435541946027014,0.23435541946027014,0.0421651238920512
531,Michail Antonio,18,1348,7,10.00636963546276,3,1.812988305464387,41,15,2,0,F S,West Ham,7,10.00636963546276,13.358437087386847,1.999036412686109,437,0.6680810587475136,0.6680810587475136,0.12104521327284483
838,Sadio Mané,25,2081,7,9.450089583173394,3,5.194893844425677,68,42,3,0,F M S,Liverpool,7,9.450089583173394,16.442775055766106,3.931460121646524,251,0.40870161580278974,0.40870161580278974,0.2246710456503176
843,James Ward-Prowse,28,2520,7,3.2373172370716934,5,2.7427559345960617,29,42,4,0,D M,Southampton,5,1.714979554526508,7.88616282492876,6.973940420895815,370,0.11561847275256047,0.06124926980451815,0.0979555690927165
3621,Neal Maupay,25,1884,7,11.303876914083958,2,3.4308226630091667,57,23,1,0,F M S,Brighton,4,8.259275157004595,13.538039222359656,2.817973194643855,68,0.5399941200995522,0.3945513610034042,0.16389280237304937
482,Roberto Firmino,27,2179,6,10.523764105513694,5,3.291990043595433,64,28,1,0,F M S,Liverpool,6,10.523764105513694,18.62633721530437,7.456928694620728,249,0.43466671385783956,0.43466671385783956,0.13597021749591048
675,Jack Grealish,22,1980,6,5.120225489139557,10,8.948700897395609,47,75,5,0,F M,Aston Villa,6,5.120225489139557,16.681396380066868,6.453857138752937,37,0.2327375222336162,0.2327375222336162,0.40675913169980044
702,Tammy Abraham,20,1012,6,5.485812120139599,1,0.7214874606579542,31,9,0,0,F S,Chelsea,6,5.485812120139599,7.1810497995465985,2.105546185746789,118,0.4878686668108339,0.4878686668108339,0.06416390460396827
1389,Jorginho,19,1352,6,6.211521840654314,1,0.8333038240671158,13,15,0,0,M S,Chelsea,0,0.12224532943218945,6.695166026242077,6.361289185471832,105,0.41348887992521316,0.008137632876403143,0.05547140840683463
3294,Edinson Cavani,18,910,6,6.466721750795841,2,1.6402411442250011,26,8,1,0,F S,Manchester United,6,6.466721750795841,8.781574584543705,1.9556357935070992,569,0.6395658874413469,0.6395658874413469,0.16222165162664848
5543,Gabriel Jesus,20,1379,6,6.759402606636286,3,2.1145416563376784,37,19,1,0,F S,Manchester City,6,6.759402606636286,12.013970997184515,4.135146267712116,282,0.4411502788957692,0.4411502788957692,0.1380048941772234
5612,Anwar El Ghazi,16,810,6,5.313142701983453,0,1.3279056940227747,34,17,1,0,F M S,Aston Villa,4,3.790805026888848,4.6002558935433635,1.6936586163938046,45,0.5903491891092725,0.4212005585432053,0.14754507711364162
5956,Youri Tielemans,28,2459,6,3.4031517216935754,3,1.8332329001277683,32,24,6,0,M S,Leicester,4,1.880814106203616,11.433114774525164,8.400175821036099,228,0.12455618338854078,0.06883825520875374,0.06709677145648603
6026,Richarlison,23,1907,6,7.617035852745175,3,2.3542092721909285,50,13,3,1,F M S,Everton,5,6.855867015197872,11.213152632117273,3.899933289736509,166,0.35948255204355833,0.3235595340156311,0.11110583875048954
6055,Phil Foden,22,1339,6,4.50291108712554,5,4.552495390176774,37,31,0,0,F M S,Manchester City,6,4.50291108712554,11.002609211951494,4.120036195963621,284,0.302660192562583,0.302660192562583,0.30599296871987275
7700,Che Adams,27,2096,6,7.852927166968584,4,4.018664140254258,43,28,1,0,F S,Southampton,6,7.852927166968584,10.633377242833378,1.396301954984665,377,0.33719630010838386,0.33719630010838386,0.1725571434269481
7711,David McGoldrick,26,1628,6,5.631225351244211,1,0.9278772175312042,44,12,5,0,F M S,Sheffield United,6,5.631225351244211,7.743327556177974,2.686393316835165,344,0.3113085267886849,0.3113085267886849,0.051295423573592375
8720,Jack Harrison,26,2017,6,4.223705344833434,4,5.088916081935166,33,43,2,0,M S,Leeds,6,4.223705344833434,13.858108278363945,5.869090151041746,203,0.18846478980416909,0.18846478980416909,0.2270711191741026
65,Timo Werner,27,2026,5,11.043788937851787,5,3.8719198554754257,61,24,0,0,F M S,Chelsea,5,11.043788937851787,15.977866977453232,4.558672332204877,117,0.4905927958571869,0.4905927958571869,0.1720003884465885
447,Kevin De Bruyne,23,1829,5,9.818334609270096,11,9.454144524410367,77,69,1,0,M S,Manchester City,3,7.534827999770641,19.8271766602993,9.956759758293627,272,0.4831329222713552,0.3707679168831917,0.4652121417151083
606,Christian Benteke,21,1066,5,3.9902461338788267,1,0.6163549032062292,41,11,0,1,F S,Crystal Palace,5,3.9902461338788267,4.958002461120486,2.294320813380182,132,0.3368875722787002,0.3368875722787002,0.05203746837576044
695,Bertrand Traoré,24,1464,5,4.706874454393984,3,2.612880166620016,38,17,0,0,F M S,Aston Villa,5,4.706874454393984,6.130140054970981,0.9970355331897736,362,0.28935703613077773,0.28935703613077773,0.1606278790954928
1776,Jarrod Bowen,27,1889,5,5.2417591493576765,3,3.2119442000985146,40,21,0,0,F M S,West Ham,5,5.2417591493576765,9.55529530532658,2.668787330389023,445,0.24973971595669187,0.24973971595669187,0.15303069243455072
2249,James Rodríguez,18,1374,5,2.4730549845844507,4,4.573199197649957,27,31,3,0,F M S,Everton,5,2.4730549845844507,9.452079132199287,5.559441765770316,508,0.16199050117365396,0.16199050117365396,0.2995545325971587
2251,Gareth Bale,11,490,5,2.817322738468647,2,1.2930639125406742,19,11,1,0,M S,Tottenham,5,2.817322738468647,4.536354158073665,2.177140448242426,543,0.5174674417595474,0.5174674417595474,0.23750153495645035
4456,Chris Wood,23,1893,5,7.332853328436612,0,0.9897354654967784,37,13,0,0,F S,Burnley,5,7.332853328436612,8.567106328904629,1.0202090032398698,91,0.34863011070221606,0.34863011070221606,0.04705556888257266
5656,Nicolas Pepe,19,990,5,4.264835611917079,0,0.2578044356778264,31,6,1,1,F M S,Arsenal,4,3.5036667920649047,4.554635303094983,1.7270883880555632,18,0.38771232835609815,0.3185151629149913,0.0234367668798024
6382,Pedro Neto,28,2359,5,4.844714926555753,5,5.373667350038887,57,57,4,0,F M S,Wolverhampton Wanderers,5,4.844714926555753,10.185787968337538,3.816714476794005,474,0.18483439736753612,0.18483439736753612,0.20501486286710463
6827,Bobby Reid,25,1697,5,3.860762213356793,0,0.6515364516526461,26,11,5,0,D F M S,Fulham,5,3.860762213356793,6.74781431350857,2.7438070327043533,181,0.20475462534007743,0.20475462534007743,0.03455408405936249
6853,Rúben Neves,27,2004,5,4.2807813715189695,1,1.6713706981390717,52,22,5,0,M S,Wolverhampton Wanderers,2,1.9972748532891276,4.97430332750082,3.096692708320916,466,0.19225066039755853,0.08969797245310454,0.07506155829965891
6854,Diogo Jota,11,613,5,2.684077423065901,0,1.4764098543673754,21,7,1,0,F M S,Liverpool,5,2.684077423065901,5.2414604872465125,1.6760409791022541,468,0.3940733573832481,0.3940733573832481,0.2167649052089132
7153,Matheus Pereira,24,1824,5,4.043283149600029,3,3.8043273538351063,38,38,2,1,M S,West Bromwich Albion,3,2.520945431664586,6.219342751428485,1.9938855767250059,481,0.19950410277631722,0.12438875485187102,0.18771352074844275
7322,Bukayo Saka,23,1962,5,6.658653810620308,2,3.6138976523652673,53,27,1,0,D F M S,Arsenal,5,6.658653810620308,14.737973917275667,6.258450948633254,24,0.3054428353495554,0.3054428353495554,0.16577512166813152
7768,Mason Mount,27,2155,5,4.339945139363408,3,6.474229393526912,55,68,2,0,F M S,Chelsea,4,3.5787763129919767,13.0998299093917,8.046469430439174,120,0.18125060906854143,0.149461655763006,0.2703854503097086
8026,Raphinha,22,1715,5,4.675797764211894,5,6.757716488093138,53,46,3,0,M S,Leeds,5,4.675797764211894,12.696615353226662,5.120316067710519,570,0.24537714214523057,0.24537714214523057,0.35463235214482935
8718,Stuart Dallas,27,2422,5,2.8344462662935257,2,1.7342416234314442,29,18,5,0,D M,Leeds,5,2.8344462662935257,12.523849839344619,9.547758219763637,200,0.10532624441222845,0.10532624441222845,0.06444333035046655
502,Olivier Giroud,14,714,4,4.44568606838584,0,1.1757991276681423,24,6,1,0,F S,Chelsea,4,4.44568606838584,4.558519519865513,1.4920047875493765,103,0.560380596855358,0.560380596855358,0.14820997407581626
553,Anthony Martial,22,1494,4,7.405651165172457,3,2.6198029601946478,42,17,0,1,F M S,Manchester United,4,7.405651165172457,11.814813017845154,3.3195053301751614,303,0.44612356416701543,0.44612356416701543,0.1578194554334125
558,Jesse Lingard,6,534,4,2.8306035101413727,1,1.4835260212421415,19,7,1,0,M,West Ham,4,2.069434732198715,3.0078000016510487,0.7273552566766739,301,0.4770680073271976,0.34878113464023286,0.25003247549024854
714,Gylfi Sigurdsson,26,1490,4,3.6052674958482394,4,3.834971627220512,26,29,1,0,F M S,Everton,2,2.082929790951312,4.524318529292942,1.408108726143837,150,0.2177678353196923,0.12581455113128728,0.23164258150996378
935,Kurt Zouma,17,1530,4,1.8613472469151018,0,0.06188124231994153,16,3,1,0,D,Chelsea,4,1.8613472469151018,3.401957632042468,3.3906869599595666,110,0.10949101452441776,0.10949101452441776,0.003640073077643619
4105,Raúl Jiménez,10,824,4,2.360909685492516,0,0.6329625025391579,26,6,0,0,F,Wolverhampton Wanderers,4,2.360909685492516,3.684076260775328,1.2332111839205029,460,0.25786634914360007,0.25786634914360007,0.06913425391811191
5556,Ademola Lookman,25,2103,4,5.56837618816644,3,4.086843598634005,57,47,4,0,F M S,Fulham,4,4.807207320816816,13.898486480116846,6.9941757498309025,557,0.2383042591226722,0.20572927193224602,0.17490058196721844
5560,Scott McTominay,24,1514,4,1.0424690432846546,1,2.0331863034516573,17,14,0,0,M S,Manchester United,4,1.0424690432846546,8.472441047430037,6.007345449179411,309,0.06196975818733085,0.06196975818733085,0.12086312239805096
7420,Miguel Almirón,24,1594,4,2.303786672651768,1,2.006105491891504,24,24,1,0,F M S,Newcastle United,4,2.303786672651768,5.732822181656957,2.0628926241770387,339,0.13007578452864438,0.13007578452864438,0.11326818963000962
111,Jannik Vestergaard,20,1752,3,1.8346586115658283,0,0.6542634647339582,18,4,2,0,D S,Southampton,3,1.8346586115658283,3.522098345682025,3.464471250772476,369,0.09424616155303914,0.09424616155303914,0.033609424558251284
586,John Stones,17,1530,3,1.7058339267969131,0,0.010288652963936329,9,1,0,0,D,Manchester City,3,1.7058339267969131,8.72212828695774,8.699725821614264,273,0.1003431721645243,0.1003431721645243,0.0006052148802315488
592,Ross Barkley,18,1169,3,3.460649324581027,1,3.066172359511256,32,29,0,0,M S,"Aston Villa,Chelsea",3,3.460649324581027,7.918447412550449,2.9270517081022263,106,0.26643151344079763,0.26643151344079763,0.23606117395723958
620,Kelechi Iheanacho,15,631,3,2.978743960149586,0,0.8410300556570292,21,10,0,0,F S,Leicester,3,2.2175751226022844,3.921000916510821,1.2420083340257406,233,0.424860469751922,0.31629439149636385,0.11995674327913253
804,Craig Dawson,12,1080,3,2.212725090328604,0,0.054468296468257904,11,2,0,0,D,West Ham,3,2.212725090328604,1.131251761689782,1.131251761689782,576,0.18439375752738366,0.18439375752738366,0.004539024705688159
964,Kyle Bartley,20,1683,3,2.4719214066863064,1,0.5980552323162556,11,4,3,0,D S,West Bromwich Albion,3,2.4719214066863064,2.1839091051369905,1.3233715239912271,412,0.1321883105179843,0.1321883105179843,0.03198156322546821
1653,Michael Keane,26,2176,3,1.39011147338897,1,0.9570053853094578,11,4,3,0,D S,Everton,3,1.39011147338897,4.780620278790592,4.632704960182308,156,0.0574954193956835,0.0574954193956835,0.03958202420857133
1740,Paul Pogba,19,1344,3,1.6847801934927702,0,0.7464981349185109,20,13,3,0,M S,Manchester United,3,1.6847801934927702,7.229092352092266,5.390020430088043,296,0.11282010224281944,0.11282010224281944,0.04998871439186457
2381,Rodrigo Moreno,19,1022,3,3.3219429068267345,1,2.1725960783660407,35,23,1,0,M S,Leeds,3,3.3219429068267345,7.929020546376705,3.518030060455203,492,0.2925390035366009,0.2925390035366009,0.19132450787959263
3293,Lucas Moura,22,906,3,1.6745324339717629,1,0.7174273133277893,14,5,0,0,F M S,Tottenham,3,1.6745324339717629,5.75173244997859,3.8419085517525673,392,0.1663442815203738,0.1663442815203738,0.07126761390673404
3428,Hélder Costa,18,896,3,1.956415418535471,3,0.6283337883651257,14,7,0,0,M S,Leeds,3,1.956415418535471,4.309128973633052,2.0320764742791653,205,0.1965149415939647,0.1965149415939647,0.06311388499203271
3491,Romain Saïss,19,1689,3,1.8109447192400692,0,0.3386978209018707,18,1,1,0,D,Wolverhampton Wanderers,3,1.8109447192400692,2.9262277213856582,2.1989421201869845,461,0.09649794241066088,0.09649794241066088,0.018047841255872332
3683,Ivan Cavaleiro,26,1740,3,4.855449244379997,0,1.9057698855176568,40,29,2,0,F M S,Fulham,2,3.3331115245819087,6.611883778125048,2.206421608105302,187,0.25114392643344813,0.17240232023699528,0.09857430442332708
4381,Mateusz Klich,27,2095,3,2.613331908360124,5,3.428408270701766,29,40,6,0,M S,Leeds,1,1.0909942407160995,13.225871343165634,9.505302963778377,198,0.11226724188659244,0.04686848766799473,0.14728245554327396
4422,Ashley Barnes,18,1313,3,3.73698490858078,0,0.7599670374765992,35,18,4,0,F M S,Burnley,2,2.9758160412311554,4.0492573510855445,1.180540205910802,87,0.2561528117077458,0.20397825111256968,0.05209218078666712
5595,Daniel James,11,647,3,1.943296812474728,0,0.3018530663102865,16,6,2,0,M S,Manchester United,3,1.943296812474728,3.520756423473358,1.411456124857068,311,0.27031949478010125,0.27031949478010125,0.041988834571755465
5962,Tanguy NDombele Alvaro,24,1655,3,1.3610460832715034,1,1.8102121669799092,15,13,2,0,M S,Tottenham,3,1.3610460832715034,9.559977635741234,7.102609533816576,405,0.07401459063107874,0.07401459063107874,0.09844054080253282
6048,Lewis Dunk,24,2160,3,2.2432192452251907,0,0.5386834638193251,25,9,4,1,D,Brighton,3,2.2432192452251907,5.7060307413339615,5.603016383945942,62,0.0934674685510496,0.0934674685510496,0.022445144325805213
6144,Sébastien Haller,16,933,3,2.5546681806445117,0,1.1348678134381769,25,10,0,0,F S,West Ham,3,2.5546681806445117,3.66033024340868,0.8529489319771528,441,0.2464310142100815,0.2464310142100815,0.10947277943133539
6893,Stuart Armstrong,23,1910,3,1.812072329223156,4,1.6705528758466244,32,27,3,0,M S,Southampton,3,1.812072329223156,5.853642974048853,3.4602069444954395,368,0.08538560713616966,0.08538560713616966,0.07871715121790376
7712,Billy Sharp,15,633,3,2.983076898381114,0,0.5832782126963139,9,4,1,0,F S,Sheffield United,1,1.4607392232865095,2.650699468329549,0.6648953501135111,343,0.42413415616793093,0.20768804122557008,0.08293055156819629
8239,Takumi Minamino,14,628,3,2.2732983957976103,0,0.435312956571579,13,1,0,0,F M S,"Liverpool,Southampton",3,2.2732983957976103,4.179783783853053,1.541654171422124,258,0.325791171372269,0.325791171372269,0.06238561479528998
8291,Daniel Podence,18,1361,3,2.422306433320045,2,1.2444667108356953,25,15,2,0,F M S,Wolverhampton Wanderers,3,2.422306433320045,5.645891636610031,2.6043584309518337,469,0.16018190962439682,0.16018190962439682,0.08229390446378587
8706,Eberechi Eze,26,1894,3,1.6935825906693935,3,2.376100548543036,23,29,2,0,M S,Crystal Palace,3,1.6935825906693935,5.797222461551428,3.3135217055678368,489,0.0804764694615868,0.0804764694615868,0.11290868498884543
101,Allan Saint-Maximin,16,967,2,1.2034962102770803,3,2.5901516899466515,16,15,0,0,F M S,Newcastle United,2,1.2034962102770803,5.084713201969863,1.5544944275170565,338,0.11201102267315123,0.11201102267315123,0.24106892667548982
239,Pascal Groß,23,1501,2,3.5666605606675152,4,4.1509159253910175,23,50,1,0,M S,Brighton,0,1.2831540256738665,7.245580650866032,4.572842475026847,57,0.21385706226520745,0.0769379495740493,0.24888902950379185
501,Danny Welbeck,14,738,2,4.640239460393786,0,1.6186767145991323,21,9,0,0,F S,Brighton,2,3.879107398912311,5.059270711615682,0.35878269001841545,588,0.5658828610236325,0.4730618779161355,0.19739959934135762
503,Theo Walcott,16,1264,2,1.9600823242217305,2,0.7462455555796623,23,12,0,0,F M S,"Everton,Southampton",2,1.9600823242217305,3.7272876165807247,1.2110686488449574,148,0.1395628237183194,0.1395628237183194,0.05313457278652659
528,Angelo Ogbonna,23,2043,2,1.0800429610535502,0,0.4284707475453615,10,4,4,0,D,West Ham,2,1.0800429610535502,3.2965058349072933,3.0740108899772167,432,0.047578985068438336,0.047578985068438336,0.018875363327989496
725,Ola Aina,24,2097,2,0.7930386490188539,1,1.4720382243394852,12,13,2,0,D,Fulham,2,0.7930386490188539,6.458963917102665,5.901141721755266,562,0.03403599352012249,0.03403599352012249,0.06317760619482769
757,Jeffrey Schlupp,17,1024,2,1.7788364365696907,1,1.4649413004517555,13,13,2,0,M S,Crystal Palace,2,1.7788364365696907,3.4706573877483606,2.424235777929425,142,0.15634304618288297,0.15634304618288297,0.12875460648501758
771,Georginio Wijnaldum,28,2288,2,2.4850937500596046,0,1.2983979219570756,23,16,1,0,M S,Liverpool,2,2.4850937500596046,10.566255698911846,7.738989550620317,243,0.09775281359500193,0.09775281359500193,0.05107334483222763
773,Aleksandar Mitrovic,21,1025,2,4.400447687134147,3,2.3789164684712887,43,18,3,0,F S,Fulham,1,2.8781099971383814,6.081977542489767,1.6602441519498825,184,0.3863807725288519,0.25271209730971156,0.20888047040235705
782,Ben Chilwell,20,1674,2,1.6957121249288318,4,1.5748544298112392,17,20,3,0,D M,Chelsea,2,1.6957121249288318,7.473942883312702,6.212112192064524,232,0.09116731854456084,0.09116731854456084,0.08466959300060425
1024,Tyrone Mings,25,2204,2,1.9025917295366528,1,0.17744813300669193,17,5,3,1,D,Aston Villa,2,1.9025917295366528,4.6219309978187075,4.3980305306613445,41,0.07769203977236785,0.07769203977236785,0.007246067137296858
1654,Ben Mee,21,1885,2,1.0237472159788013,0,0.3492889693006873,12,4,2,0,D,Burnley,2,1.0237472159788013,1.2442820826545358,1.217979483306408,88,0.04887917742073852,0.04887917742073852,0.01667692691621319
1663,Johann Berg Gudmundsson,14,820,2,1.1430537980049849,0,0.2321891337633133,14,4,1,0,M S,Burnley,2,1.1430537980049849,1.5424019768834114,0.3394570117816329,90,0.12545712417127883,0.12545712417127883,0.025484173217924632
1687,Harry Maguire,28,2520,2,1.2747255498543382,1,0.2676918674260378,31,6,8,0,D,Manchester United,2,1.2747255498543382,10.308768350631,10.223362687975168,298,0.045525912494797795,0.045525912494797795,0.009560423836644207
1726,Abdoulaye Doucouré,25,2149,2,2.1330973617732525,3,2.229589104652405,15,19,6,0,M,Everton,2,2.1330973617732525,9.262145560234783,6.028866026550531,512,0.08933399839906596,0.08933399839906596,0.09337506720275311
1746,Jeff Hendrick,18,1381,2,1.107993796467781,1,1.4332300974056125,10,6,1,1,M S,Newcastle United,2,1.107993796467781,3.5282333120703697,1.3092881375923753,485,0.07220814024771925,0.07220814024771925,0.09340384414663658
2335,Pablo Fornals,24,1822,2,3.89585953950882,3,1.5007361862808466,30,18,3,0,F M S,West Ham,2,3.89585953950882,9.961719639599325,4.886005206033588,450,0.19244092127101747,0.19244092127101747,0.07413076661101876
3288,Thiago Silva,17,1460,2,1.1098734848201277,0,0.191121157258749,9,3,3,0,D,Chelsea,2,1.1098734848201277,5.583996219560504,5.378057578578591,220,0.06841685865329555,0.06841685865329555,0.011781441200881789
3600,Serge Aurier,14,1169,2,1.2979083377867937,1,2.990060277283192,11,12,0,0,D,Tottenham,2,1.2979083377867937,6.505601555109023,3.765117943286896,389,0.09992450846947086,0.09992450846947086,0.2302013900389113
3635,Bernardo Silva,21,1660,2,3.2841668725013733,3,3.3005069736391306,24,19,3,0,F M S,Manchester City,2,3.2841668725013733,13.844493025913836,8.699300309643151,220,0.17805724007537568,0.17805724007537568,0.1789431491732059
4476,Callum Robinson,21,1193,2,1.7624787148088217,0,0.4582504779100418,20,10,0,0,F M S,West Bromwich Albion,2,1.7624787148088217,2.6259661670774217,1.024267815053463,484,0.13296151243318854,0.13296151243318854,0.03457044678281958
4490,Semi Ajayi,24,2099,2,0.851740088313818,0,0.13561933115124702,7,3,3,1,D,West Bromwich Albion,2,0.851740088313818,2.290204469114542,1.7859007008373735,419,0.03652053737410368,0.03652053737410368,0.005815026109391249
5584,Aaron Wan-Bissaka,26,2340,2,0.8909827638417482,2,1.7514277696609497,6,18,1,0,D,Manchester United,2,0.8909827638417482,9.515900455415247,7.558849036693572,313,0.03426856784006724,0.03426856784006724,0.06736260652542114
5587,Josh Maja,7,510,2,3.3977282866835594,0,0.475225381553173,14,3,0,0,F S,Fulham,2,3.3977282866835594,3.736965492367744,0.4052061587572098,665,0.5995991094147457,0.5995991094147457,0.08386330262703053
5613,Gabriel,15,1274,2,1.4138364605605602,0,0.03062357939779758,11,1,1,1,D S,Arsenal,2,1.4138364605605602,3.3594903573393817,3.345056973397732,494,0.09987855686848542,0.09987855686848542,0.002163361181948024
6027,Jairo Riedewald,24,1234,2,0.5024856775999069,0,0.8289922624826431,6,8,2,0,M S,Crystal Palace,2,0.5024856775999069,3.2284833174198866,2.1022286806255583,144,0.036648064006476196,0.036648064006476196,0.06046134815513605
6049,Solly March,21,1684,2,1.7836019955575466,1,1.67881984077394,22,27,0,0,D M S,Brighton,2,1.7836019955575466,8.322110306471586,5.6805490497499695,65,0.09532314703098527,0.09532314703098527,0.08972315063518682
6441,Ferrán Torres,16,833,2,3.2937612934038043,2,1.5299686212092638,22,8,1,0,F M S,Manchester City,2,3.2937612934038043,6.875974204391241,2.3594923950731754,287,0.35586856711445664,0.35586856711445664,0.16530273218347385
6456,Callum Hudson-Odoi,18,886,2,1.1051767952740192,2,2.5829554796218868,19,23,0,0,D F M S,Chelsea,2,1.1051767952740192,5.464714430272579,3.7046200009062886,122,0.1122640085492796,0.1122640085492796,0.26237696745594785
6521,Yerry Mina,19,1637,2,1.5030908510088918,0,0.019598973914980892,13,1,1,0,D,Everton,2,1.5030908510088918,3.560941068455577,3.4605189096182585,162,0.08263785985998794,0.08263785985998794,0.0010775245280075017
7698,Leandro Trossard,24,1842,2,3.8240539338439694,4,4.442921411246061,41,39,2,0,F M S,Brighton,2,3.8240539338439694,10.901815289631486,4.696162134408952,69,0.18684302608358158,0.18684302608358158,0.21708085071234828
7726,Ezri Konsa Ngoyo,24,2112,2,2.519463088363409,0,0.09317662566900252,13,2,2,0,D S,Aston Villa,2,2.519463088363409,1.9277134872972963,1.8801074363291264,46,0.10736348387912255,0.10736348387912255,0.00397059484384954
7753,James Justin,23,2070,2,1.517483089119196,1,2.0591362714767456,9,19,4,0,D,Leicester,2,1.517483089119196,7.665663853287697,5.5050361193716535,239,0.06597752561387808,0.06597752561387808,0.0895276639772498
7991,Aaron Connolly,15,733,2,4.390346549451351,1,0.1498970314860344,21,5,0,0,F M S,Brighton,2,4.390346549451351,4.6988142877817145,0.19122542813420296,78,0.5390602857443678,0.5390602857443678,0.018404819691327554
8722,Ezgjan Alioski,25,1538,2,1.2784270076081157,0,2.2521373787894845,14,21,3,0,D M S,Leeds,2,1.2784270076081157,8.817651771008967,6.117445910349487,201,0.07481042307199637,0.07481042307199637,0.1317895735312442
8778,Fabio Silva,22,787,2,4.015988625586034,0,0.23196683265268805,26,6,2,0,F S,Wolverhampton Wanderers,1,3.254819795489311,2.6596463099122047,0.794838422909379,220,0.45926172338340926,0.37221573264807883,0.02652733791453866
9040,Conor Gallagher,22,1884,2,0.9966101571917534,2,1.1580917146056888,24,15,8,0,M S,West Bromwich Albion,2,0.9966101571917534,3.8745806701481342,2.485542297363281,544,0.047608765470943636,0.047608765470943636,0.05532285260855201
9205,Jayden Bogle,11,796,2,1.6061902865767481,0,0.2085538413375616,13,4,2,0,D S,Sheffield United,2,1.6061902865767481,2.20279373973608,1.10883329808712,510,0.18160442938681826,0.18160442938681826,0.023580208191432844
87,Joelinton,21,1363,1,1.957058330997825,2,1.25979814119637,28,13,3,0,F M S,Newcastle United,1,1.957058330997825,4.725341506302357,1.7477443777024746,340,0.12922615538503612,0.12922615538503612,0.083185497217662
204,Granit Xhaka,23,1912,1,0.6424058070406318,2,1.2605924978852272,14,12,5,1,D M S,Arsenal,1,0.6424058070406318,10.342338852584364,9.36727107129991,9,0.030238767067812165,0.030238767067812165,0.059337512975769065
332,Joel Matip,10,701,1,0.7844753786921501,2,1.1802754700183868,5,3,2,0,D S,Liverpool,1,0.7844753786921501,4.383128449320793,4.383128449320793,246,0.10071723834849289,0.10071723834849289,0.15153322724915094
343,Pierre-Emile Højbjerg,27,2430,1,0.490914311259985,3,1.3000980941578746,9,11,6,0,M,Tottenham,1,0.490914311259985,12.500235242769122,11.646220417693256,396,0.018182011528147593,0.018182011528147593,0.04815178126510647
486,Adam Lallana,21,992,1,1.1735795121639967,1,2.3594983424991365,14,19,0,0,F M S,Brighton,1,1.1735795121639967,5.991443675011396,2.663381595164537,54,0.10647394767616905,0.10647394767616905,0.2140673899444781
492,Héctor Bellerín,22,1917,1,0.4317404553294182,2,2.1637581326067448,11,19,8,0,D,Arsenal,1,0.4317404553294182,6.9491416960954675,5.2985634226351985,11,0.020269504945043107,0.020269504945043107,0.10158488885477675
500,Alex Iwobi,24,1228,1,0.5729817617684603,2,2.0430734157562256,10,13,0,0,D F M S,Everton,1,0.5729817617684603,5.884388718754053,3.500677237287164,159,0.04199377732830735,0.04199377732830735,0.14973665099190578
512,Scott Dann,12,1080,1,0.5482887476682663,0,0.01761283539235592,4,1,1,0,D,Crystal Palace,1,0.5482887476682663,1.1420652149245143,1.1244523776695132,486,0.04569072897235552,0.04569072897235552,0.0014677362826963265
532,Cheikhou Kouyaté,26,2226,1,0.823928102850914,0,0.7440173365175724,7,5,0,0,D M S,Crystal Palace,1,0.823928102850914,3.994423294439912,3.800535531714559,133,0.03331245698858143,0.03331245698858143,0.030081563471060876
535,Manuel Lanzini,12,369,1,0.9002428920939565,1,0.8160074297338724,10,8,1,0,M S,West Ham,1,0.9002428920939565,2.125402519479394,0.6352455634623766,439,0.21957143709608695,0.21957143709608695,0.19902620237411525
537,Andy Carroll,15,366,1,0.6033168490976095,0,0.06301983259618282,13,2,1,0,F S,Newcastle United,1,0.6033168490976095,0.8416540101170541,0.3947672126814723,320,0.1483566022371171,0.1483566022371171,0.015496680146602335
579,Nathan Aké,6,468,1,0.4018466174602509,0,0.017229333519935608,1,1,3,0,D S,Manchester City,1,0.4018466174602509,2.753794811666012,2.736565478146076,279,0.07727819566543287,0.07727819566543287,0.0033133333692183862
605,Jordan Henderson,21,1710,1,1.1357975732535124,1,1.483708567917347,14,14,0,0,D M S,Liverpool,1,1.1357975732535124,11.4943608045578,10.461347930133345,244,0.0597788196449217,0.0597788196449217,0.07808992462722879
638,Kyle Walker,20,1584,1,0.1883066901937127,1,0.4997862335294485,9,8,1,0,D S,Manchester City,1,0.1883066901937127,7.814343813806772,7.432670593261719,270,0.010699243761006403,0.010699243761006403,0.02839694508690048
639,Toby Alderweireld,17,1523,1,0.4200705736875534,0,0.9119671881198884,5,5,2,0,D,Tottenham,1,0.4200705736875534,4.6438265442848214,4.611742094159125,386,0.024823605799001846,0.024823605799001846,0.05389169200971107
669,Ashley Westwood,28,2512,1,0.26296817511320114,2,5.149448404088616,9,37,5,0,M,Burnley,1,0.26296817511320114,6.496499935165048,3.7281284676864734,89,0.009421630477781887,0.009421630477781887,0.18449456861782462
672,Jordan Ayew,24,1574,1,1.7879527378827331,3,0.6854452835395932,19,11,2,0,F M S,Crystal Palace,1,1.7879527378827331,3.5608475487679243,1.7636321345344186,140,0.10223363812544219,0.10223363812544219,0.039193186479392246
681,César Azpilicueta,18,1483,1,0.4808743447065354,1,1.3773245448246598,10,17,4,0,D S,Chelsea,1,0.4808743447065354,8.757434047758581,7.486698072403669,102,0.02918320365717342,0.02918320365717342,0.08358678963871839
688,Ruben Loftus-Cheek,23,1652,1,3.0389727391302586,0,1.1670878343284132,32,15,2,0,F M S,"Chelsea,Fulham",1,3.0389727391302586,7.009924693033099,3.5108744334429502,115,0.16556146883881556,0.16556146883881556,0.06358226700336392
699,Gary Cahill,13,1170,1,0.2293122559785843,0,0.3000686317682266,4,3,2,0,D,Crystal Palace,1,0.2293122559785843,1.368254093453288,1.368254093453288,125,0.017639404306044944,0.017639404306044944,0.02308220244370974
743,Dwight Gayle,10,189,1,0.4472769498825073,0,0.07724057510495186,6,2,0,0,F S,Newcastle United,1,0.4472769498825073,0.4627730809152126,0.12424321472644805,329,0.2129890237535749,0.2129890237535749,0.03678122624045326
759,Daniel Amartey,10,576,1,0.5421722754836082,0,0.0,3,0,1,0,D S,Leicester,1,0.5421722754836082,2.3001183196902275,2.2252612635493283,227,0.08471441804431379,0.08471441804431379,0.0
766,Jamaal Lascelles,16,1363,1,0.4851940330117941,0,0.06688277795910835,13,2,3,0,D,Newcastle United,1,0.4851940330117941,1.9071033671498296,1.840220592916012,328,0.03203775713210673,0.03203775713210673,0.004416324296639583
769,Jonjo Shelvey,19,1627,1,1.5341025963425636,1,1.3342683725059032,31,25,4,0,M S,Newcastle United,1,1.5341025963425636,5.74773932248354,4.771042414009571,321,0.08486123765877733,0.08486123765877733,0.07380710112202292
770,Ayoze Pérez,16,889,1,2.5611269623041157,0,1.0634420402348042,19,18,1,0,F M S,Leicester,1,2.5611269623041157,6.485268786549567,4.0762921925634155,229,0.2592816947214515,0.2592816947214515,0.10766004906764046
775,Andros Townsend,26,1800,1,1.8089433461427689,4,2.9561589211225514,24,29,0,0,F M S,Crystal Palace,1,1.8089433461427689,6.353925988078117,3.5088592767715454,137,0.09044716730713845,0.09044716730713845,0.14780794605612757
789,Robbie Brady,18,1040,1,0.7394788153469563,1,0.9085823297500609,15,7,3,0,M S,Burnley,1,0.7394788153469563,2.5575511008501053,1.4108752384781835,95,0.06399335902040967,0.06399335902040967,0.07862731699760142
790,Nathan Redmond,19,1041,1,2.2198569253087044,1,1.388511124998331,23,11,0,0,F M S,Southampton,1,2.2198569253087044,4.752619730308653,2.094314359128475,365,0.19191846616501768,0.19191846616501768,0.12004418948112372
833,Virgil van Dijk,5,370,1,0.5533826053142548,0,0.0,4,0,1,0,D,Liverpool,1,0.5533826053142548,1.409594252705574,1.2884346395730972,250,0.13460657967103495,0.13460657967103495,0.0
842,Oriol Romeu,20,1748,1,0.4458271581679583,1,1.5368066392838955,14,14,6,0,M,Southampton,1,0.4458271581679583,6.115794092416762,4.9412069991230965,364,0.022954487548693506,0.022954487548693506,0.07912619996312964
844,Jay Rodriguez,23,1115,1,1.828249449841678,2,1.2109192460775375,22,6,3,0,F M S,Burnley,1,1.828249449841678,2.932731165550649,0.5690408628433943,86,0.14757170447152557,0.14757170447152557,0.09774236066993576
875,Ciaran Clark,16,1383,1,0.6622023619711399,0,0.14438940957188606,8,2,3,0,D S,Newcastle United,1,0.6622023619711399,1.5707688331604004,1.5707688331604004,324,0.04309342919551887,0.04309342919551887,0.009396273941771328
985,Mason Holgate,17,1517,1,1.278742415830493,0,0.2690487168729305,4,6,6,0,D,Everton,1,1.278742415830493,2.1145266983658075,1.9587472267448904,165,0.07586474451202661,0.07586474451202661,0.015962020117708472
1006,Luke Shaw,24,1939,1,0.5771848578006029,5,5.2422873210161915,8,50,6,0,D S,Manchester United,1,0.5771848578006029,8.621835101395844,6.224530957639217,300,0.026790426612714937,0.026790426612714937,0.24332432124366027
1017,Matej Vydra,18,782,1,2.9408356696367264,0,1.398780519142747,20,8,0,0,F S,Burnley,1,2.9408356696367264,3.5701563954353333,0.7826123125851154,93,0.33845934816790973,0.33845934816790973,0.16098497023382
1234,Dennis Praet,13,666,1,0.4389684200286865,1,1.215856321156025,8,7,0,0,M S,Leicester,1,0.4389684200286865,2.0549452472478147,1.2347203698009253,225,0.05932005676063331,0.05932005676063331,0.1643049082643277
1299,Mario Lemina,20,1016,1,1.1238216031342745,0,0.4823737796396017,12,6,2,0,M S,Fulham,1,1.1238216031342745,4.3145947996526965,2.891055930405855,493,0.09955112626189438,0.09955112626189438,0.0427299607948466
1621,Marcos Alonso,9,705,1,0.9817719683051108,0,1.5351844117976725,15,12,2,0,D S,Chelsea,1,0.9817719683051108,3.27795522287488,1.874800644814968,104,0.1253325916985248,0.1253325916985248,0.19598098874012843
1652,Matthew Lowton,24,2160,1,0.5863230843096972,0,1.8611270282417536,13,17,3,0,D,Burnley,1,0.5863230843096972,4.434237556532025,2.339262013323605,92,0.024430128512904048,0.024430128512904048,0.07754695951007307
1676,David Luiz,17,1175,1,0.5492635332047939,0,0.5240254849195479,12,2,1,1,D S,Arsenal,1,0.5492635332047939,2.925935689359904,2.8235243149101734,3,0.042071249351856556,0.042071249351856556,0.04013812224915686
1678,Michy Batshuayi,16,686,1,1.30021698679775,1,1.6547212526202202,11,9,0,0,F S,Crystal Palace,1,1.30021698679775,3.64507869631052,1.4757320675998926,108,0.1705824035157398,0.1705824035157398,0.21709170952743415
1688,Andrew Robertson,28,2517,1,1.3057496603578331,5,5.5319264121353635,15,45,1,0,D,Liverpool,1,1.3057496603578331,15.303705412894487,11.676142482087016,255,0.04668949917846841,0.04668949917846841,0.19780428172116915
1736,Oliver McBurnie,21,1206,1,3.464176818728447,0,1.0542655810713768,28,15,2,0,F S,Sheffield United,1,3.464176818728447,5.97805492952466,2.5615624338388443,357,0.2585206581140632,0.2585206581140632,0.07867653590084901
1737,Matt Phillips,23,1041,1,2.1380137698724866,1,1.7833561059087517,13,16,1,0,M S,West Bromwich Albion,1,2.1380137698724866,3.442325887270272,0.9094709008932114,411,0.18484268903796713,0.18484268903796713,0.15418064316213992
1791,Trent Alexander-Arnold,26,2140,1,1.6943008759990337,3,5.129268806427716,36,44,1,0,D S,Liverpool,1,1.6943008759990337,16.414692122489214,13.178294131532311,259,0.07125564431771637,0.07125564431771637,0.21571691241985722
2379,João Cancelo,22,1859,1,1.6069159880280497,2,3.9690915169194336,28,38,4,0,D M S,Manchester City,1,1.6069159880280497,15.032841607928276,12.050069749355314,277,0.07779582513314925,0.07779582513314925,0.19215612507947769
2496,Rodrigo Hernandez,26,2089,1,1.7947318656370044,1,2.0076054502278566,25,25,3,0,M S,Manchester City,0,1.0335630076006057,17.009867809712887,15.427750520408154,286,0.07732210048220699,0.04452880358260149,0.08649329369100388
2662,Christian Pulisic,18,1004,1,3.343361340463161,1,1.323159171268344,24,13,2,0,F M S,Chelsea,1,3.343361340463161,7.266971189528704,3.6584302755072713,119,0.2997037058184109,0.2997037058184109,0.11860988587066829
3203,Issa Diop,8,657,1,0.6551132500171661,0,0.0,2,0,2,0,D S,West Ham,1,0.6551132500171661,0.3740515559911728,0.3740515559911728,451,0.08974154109824194,0.08974154109824194,0.0
3389,Benjamin Mendy,7,514,1,0.14825347438454628,0,0.06408517062664032,3,1,2,0,D S,Manchester City,1,0.14825347438454628,1.4683698117733002,1.3201163411140442,274,0.02595877956149643,0.02595877956149643,0.011221138825676321
3422,João Moutinho,26,1957,1,0.337951079942286,1,1.2647803798317911,9,32,3,1,M S,Wolverhampton Wanderers,1,0.337951079942286,5.799630889669062,5.202744557522237,454,0.01554195053388132,0.01554195053388132,0.05816567919512581
4391,Darnell Furlong,25,2026,1,0.998094940558076,2,1.9343258105218408,16,13,3,0,D M S,West Bromwich Albion,1,0.998094940558076,3.5770178511738777,1.8760037869215007,422,0.04433787988658778,0.04433787988658778,0.08592760263917358
5220,Kai Havertz,20,1083,1,2.0280491542071104,2,1.2333291992545128,14,13,2,0,F M S,Chelsea,1,2.0280491542071104,5.077400567010045,3.142443301156163,500,0.16853594079283465,0.16853594079283465,0.10249273123998721
5256,Oliver Burke,18,976,1,2.4466179162263866,1,2.462659737095237,22,13,2,0,F S,Sheffield United,1,2.4466179162263866,5.676563642919064,0.7672859616577625,424,0.22561025866841677,0.22561025866841677,0.22708952493706075
5545,Wilfred Ndidi,16,1313,1,0.30869412515312433,2,0.891430632211268,9,9,3,0,D M S,Leicester,1,0.30869412515312433,4.7714842297136775,3.850992720574141,236,0.021159536377594206,0.021159536377594206,0.06110339443946239
5553,Declan Rice,27,2430,1,1.7303012469783423,1,1.876470185816288,23,20,2,0,M,West Ham,0,0.969132379628718,8.122948946431281,7.121561558917165,448,0.06408523136956823,0.03589379183810067,0.06949889577097362
5609,Yves Bissouma,25,2131,1,0.5690882876515388,0,0.5093900747597218,25,9,6,1,M S,Brighton,1,0.5690882876515388,7.15618846192956,6.512213157489897,76,0.024034700088521117,0.024034700088521117,0.021513424086520395
5681,Giovani Lo Celso,11,430,1,1.3039591405540705,1,0.9881668090820312,9,9,3,0,M S,Tottenham,1,1.3039591405540705,3.015368215739727,1.3852438582107425,403,0.2729216805810845,0.2729216805810845,0.20682561120321585
5735,Jean-Philippe Mateta,4,169,1,0.2580386996269226,0,0.016295328736305237,3,1,0,0,F S,Crystal Palace,1,0.2580386996269226,0.32996431738138204,0.13605083525180814,641,0.13741705897291737,0.13741705897291737,0.008677985717559003
6042,Jan Bednarek,28,2433,1,0.4476903490722179,1,1.10784693621099,9,4,3,1,D,Southampton,1,0.4476903490722179,5.8963032588362685,5.8417884930968285,376,0.016560678757295357,0.016560678757295357,0.0409807744590995
6063,Jacob Murphy,15,773,1,0.621627651154995,1,1.2809338457882404,18,8,2,0,D M S,Newcastle United,1,0.621627651154995,1.477454682812095,0.3087054267525673,497,0.07237579379553628,0.07237579379553628,0.1491384813983721
6080,Victor Lindelöf,21,1867,1,0.7988894507288933,1,0.2897103577852249,4,5,0,0,D,Manchester United,1,0.7988894507288933,7.093859951943159,6.945413420908152,308,0.03851100726598843,0.03851100726598843,0.0139656840924854
6157,Timothy Castagne,17,1449,1,0.7923150137066841,2,1.3705569617450235,4,13,1,0,D M,Leicester,1,0.7923150137066841,4.281131180003285,3.0027100630104537,498,0.04921211265258907,0.04921211265258907,0.08512776159906978
6424,Ben Johnson,9,320,1,0.4560174643993378,0,0.01875363476574421,1,1,1,0,D M S,West Ham,1,0.4560174643993378,1.1426590122282505,0.66788793168962,452,0.12825491186231378,0.12825491186231378,0.005274459777865559
6482,Eddie Nketiah,14,310,1,0.9137679263949394,1,0.5377314612269402,7,5,0,0,F S,Arsenal,1,0.9137679263949394,1.5945426877588034,0.18741076439619064,22,0.2652874625017566,0.2652874625017566,0.15611558551749874
6630,Joe Willock,12,671,1,1.3374277353286743,0,0.6190501358360052,9,7,1,0,M S,"Arsenal,Newcastle United",1,1.3374277353286743,2.866483882069588,1.0801848284900188,20,0.17938673052098464,0.17938673052098464,0.08303205994819741
6651,Grady Diangana,16,1104,1,0.9809263125061988,0,0.09041122905910016,12,4,0,0,F M S,West Bromwich Albion,1,0.9809263125061988,1.4407385848462582,0.6211172696202993,446,0.07996681895430968,0.07996681895430968,0.007370480629817947
6665,Curtis Jones,20,1086,1,1.758892709389329,1,1.053032232448459,19,11,2,0,M S,Liverpool,1,1.758892709389329,6.711337100714445,4.619456239044666,263,0.14576458917591123,0.14576458917591123,0.08726786456755184
6674,Rayan Ait Nouri,13,702,1,0.27810126449912786,1,0.5343914069235325,9,6,0,0,D M S,Wolverhampton Wanderers,1,0.27810126449912786,1.2695292383432388,0.999564883299172,563,0.03565400826911896,0.03565400826911896,0.06851171883635032
6756,Dwight McNeil,26,2223,1,0.5860883016139269,3,3.3542293198406696,18,29,1,0,M S,Burnley,1,0.5860883016139269,3.653212541714311,1.8166360724717376,100,0.023728271320401898,0.023728271320401898,0.13579875788828621
6835,Tom Cairney,10,762,1,0.5839645853266121,1,0.9888524450361728,12,17,2,0,M S,Fulham,1,0.5839645853266121,3.3855622112751007,2.849907038733363,175,0.06897219511731639,0.06897219511731639,0.1167935958704141
6850,Willy Boly,16,1440,1,0.9578908244147896,1,0.4942689314484596,11,2,1,0,D,Wolverhampton Wanderers,1,0.9578908244147896,2.5117296576499943,2.406200841069221,458,0.05986817652592435,0.05986817652592435,0.030891808215528727
6851,Conor Coady,27,2405,1,1.168584014289081,0,0.1962383016943932,5,3,4,0,D,Wolverhampton Wanderers,1,1.168584014289081,3.5697117568925023,3.401360035873949,459,0.043730794713520704,0.043730794713520704,0.007343637069644653
6859,Kortney Hause,4,360,1,1.2494960576295853,0,0.0,3,0,1,0,D,Aston Villa,1,1.2494960576295853,1.2654046416282654,1.2654046416282654,39,0.3123740144073963,0.3123740144073963,0.0
6891,Ryan Fredericks,10,440,1,0.17914991080760956,1,1.2987349126487973,3,12,2,0,D M S,West Ham,1,0.17914991080760956,0.9538196921348572,0.2350921481847763,438,0.036644299937920136,0.036644299937920136,0.2656503230417994
6892,Fabián Balbuena,12,1080,1,1.0872304067015648,0,0.0,7,0,1,0,D,West Ham,1,1.0872304067015648,2.1524135507643223,1.9299186058342457,443,0.09060253389179707,0.09060253389179707,0.0
7063,Bernard,9,388,1,0.1936356108635664,0,0.44669252820312977,6,8,2,0,F M S,Everton,1,0.1936356108635664,1.1778429094702003,0.6219737967476249,154,0.04491547674670355,0.04491547674670355,0.10361424623268474
7390,Karlan Grant,17,1114,1,1.6942405216395855,0,0.14918647333979607,16,2,1,0,F M S,West Bromwich Albion,1,1.6942405216395855,1.810006550513208,0.5052706673741341,582,0.13687760049152844,0.13687760049152844,0.012052767145944027
7490,Mason Greenwood,22,1210,1,2.9405559860169888,1,1.2158762589097023,35,8,1,0,F M S,Manchester United,1,2.9405559860169888,7.25375428982079,3.8091269917786117,315,0.21871904028225536,0.21871904028225536,0.09043707710898612
7701,Moussa Djenepo,21,1092,1,0.7818627245724201,0,0.3710938021540642,13,5,4,0,M S,Southampton,1,0.7818627245724201,2.9603002779185768,1.8959674220532177,382,0.06443923554168297,0.06443923554168297,0.03058465402368661
7721,Conor Hourihane,4,236,1,0.5679545402526855,1,0.9191879034042358,5,5,0,0,M S,Aston Villa,1,0.5679545402526855,0.6681759208440781,0.19055770710110664,33,0.2165928331472106,0.2165928331472106,0.3505377597728018
7723,John McGinn,25,2250,1,1.412011976353824,4,2.380631255917251,27,25,5,0,M,Aston Villa,1,1.412011976353824,11.297804838046432,7.969757074490189,38,0.05648047905415296,0.05648047905415296,0.09522525023669004
8020,Steven Alzate,12,743,1,0.7746751420199871,0,0.8960979823023081,5,10,2,0,D M S,Brighton,1,0.7746751420199871,3.239844551309943,2.166337940841913,79,0.09383682743176155,0.09383682743176155,0.10854484307834147
8067,Reece James,22,1688,1,1.1794638335704803,2,2.8667829371988773,27,27,3,0,D M S,Chelsea,1,1.1794638335704803,8.37171879876405,6.787276861257851,123,0.06288610487046399,0.06288610487046399,0.15284980115396857
8089,Kieran Tierney,20,1793,1,0.3264441192150116,1,3.2643647519871597,12,26,4,0,D,Arsenal,1,0.3264441192150116,7.106198735535145,4.260564360767603,17,0.01638592901804297,0.01638592901804297,0.16385545325088924
8226,Tariq Lamptey,11,904,1,0.7030039094388485,1,0.8089809715747833,6,10,2,1,D M,Brighton,1,0.7030039094388485,4.568889327347279,3.691588267683983,77,0.06998932726714199,0.06998932726714199,0.0805401409753656
8285,Sander Berge,13,1014,1,1.2164165843278172,1,1.7394158504903316,10,13,4,0,M S,Sheffield United,0,0.4552477616816759,3.6568125970661636,2.8543969430029392,360,0.10796596902317904,0.040406606066420936,0.15438602223286965
8379,Alexis Mac Allister,14,815,1,1.1877575060352683,1,1.6588645931333303,20,12,1,0,F M S,Brighton,1,1.1877575060352683,5.0715878047049054,3.040715262293816,80,0.1311634055744468,0.1311634055744468,0.18318750108220827
8481,Jimmy Dunne,2,180,1,0.22237548604607585,0,0.10200031474232674,3,2,0,0,D,Burnley,1,0.22237548604607585,0.10443910025060177,0.043035658076405525,519,0.11118774302303792,0.11118774302303792,0.05100015737116337
8717,Pascal Struijk,17,1337,1,1.5818979647010565,0,0.022440355271101,9,1,2,0,D M S,Leeds,1,1.5818979647010565,4.382601326331496,4.382601326331496,211,0.10648527810253933,0.10648527810253933,0.0015105699135370906
8780,Joël Veltman,21,1651,1,1.0751412007957697,0,1.6152624860405922,11,16,3,0,D M S,Brighton,1,1.0751412007957697,6.912966275587678,5.020276883617044,67,0.058608545167546496,0.058608545167546496,0.08805186174661012
8816,Liam Cooper,21,1874,1,2.0945122931152578,0,0.0,15,0,3,0,D,Leeds,1,2.0945122931152578,6.287438007071613,6.287438007071613,195,0.10059023819657054,0.10059023819657054,0.0
8821,Donny van de Beek,13,292,1,0.28271791338920593,0,0.12390778213739395,1,2,1,0,M S,Manchester United,1,0.28271791338920593,2.1616290472447868,1.7550033256411552,495,0.08713908289393334,0.08713908289393334,0.03819075476837485
8961,Rúben Dias,26,2322,1,1.7876456044614315,0,0.04013204388320446,11,2,3,0,D,Manchester City,1,1.7876456044614315,14.242640368640425,14.186409913003445,556,0.06928858932021052,0.06928858932021052,0.0015555055768683899
8992,Hakim Ziyech,14,795,1,1.1137238238006828,3,3.28310202434659,24,24,3,0,F M S,Chelsea,1,1.1137238238006828,4.703251436352731,2.3674160130321984,114,0.1260819423170584,0.1260819423170584,0.3716719272845196
9163,Kean Bryan,9,661,1,0.5354916416108608,0,0.7768627628684044,3,3,0,0,D S,Sheffield United,1,0.5354916416108608,0.8093768730759621,0.8093768730759621,169,0.07291111610435322,0.07291111610435322,0.10577556529221846
9290,Mbaye Diagne,8,645,1,4.259172111749649,1,0.4374598897993565,17,5,1,0,F S,West Bromwich Albion,1,4.259172111749649,5.6476748287677765,1.114748939871788,648,0.5943030853604161,0.5943030853604161,0.06104091485572416
76,Fabian Schär,16,1221,0,0.699408020824194,0,0.0,11,0,4,0,D S,Newcastle United,0,0.699408020824194,0.9551226757466792,0.8735608421266079,334,0.0515534167683681,0.0515534167683681,0.0
181,Bernd Leno,26,2326,0,0.0,0,0.0,0,0,0,1,GK,Arsenal,0,0.0,2.605715673416853,2.605715673416853,8,0.0,0.0,0.0
200,Andreas Christensen,11,910,0,0.06217729486525059,0,0.110219469293952,2,2,1,1,D S,Chelsea,0,0.06217729486525059,5.651402980089188,5.626319974660873,116,0.006149402788870937,0.006149402788870937,0.01090082663346778
229,Thiago Alcántara,14,1072,0,0.43845455721020704,0,1.3626714535057545,12,16,3,0,M S,Liverpool,0,0.43845455721020704,6.157378474250437,5.539255430921912,531,0.03681055051205096,0.03681055051205096,0.11440338695477416
342,Sead Kolasinac,1,90,0,0.0,0,0.0,0,0,0,0,D,Arsenal,0,0.0,0.429358035326004,0.429358035326004,14,0.0,0.0,0.0
461,Matt Ritchie,9,550,0,0.1315881721675396,0,1.0100151933729649,5,12,1,0,D M S,Newcastle United,0,0.1315881721675396,0.8337662443518639,0.3669771179556847,322,0.021532609991051936,0.021532609991051936,0.16527521346103063
465,Joshua King,7,86,0,0.0,0,0.0,0,0,0,0,S,Everton,0,0.0,0.0,0.0,651,0.0,0.0,0.0
484,Divock Origi,9,176,0,1.0811212956905365,0,0.1400348860770464,7,2,0,0,F S,Liverpool,0,1.0811212956905365,1.4969345815479755,0.7823662180453539,256,0.552846117114479,0.552846117114479,0.071608748562126
485,Mamadou Sakho,4,274,0,0.0188349187374115,0,0.0,1,0,0,0,D S,Crystal Palace,0,0.0188349187374115,0.5140529274940491,0.5140529274940491,127,0.006186652140025675,0.006186652140025675,0.0
489,James Milner,19,707,0,0.15602227859199047,1,0.6028076540678741,5,10,1,0,D M S,Liverpool,0,0.15602227859199047,4.67715959250927,4.0661420077085495,241,0.019861393314397655,0.019861393314397655,0.07673647647257237
496,Mohamed Elneny,15,1075,0,0.2696920866146684,0,0.2569417227059603,5,4,2,0,M S,Arsenal,0,0.2696920866146684,3.5524487830698486,3.112714149057865,526,0.022578872367739682,0.022578872367739682,0.021511400040499
508,Calum Chambers,1,90,0,0.0,0,0.09957797080278397,0,2,0,0,D,Arsenal,0,0.0,0.7883977890014648,0.7883977890014648,13,0.0,0.0,0.09957797080278397
510,Joel Ward,16,1352,0,0.012035042978823185,1,0.4148545926436782,1,5,3,0,D S,Crystal Palace,0,0.012035042978823185,2.1476668361574407,1.9812605921179056,134,0.0008011493107204783,0.0008011493107204783,0.027616060161191596
527,Adrián,3,270,0,0.0,0,0.0,0,0,0,0,GK,Liverpool,0,0.0,0.3974394351243973,0.3974394351243973,245,0.0,0.0,0.0
530,James Tomkins,5,385,0,0.06131939217448235,0,0.0,1,0,1,0,D S,Crystal Palace,0,0.06131939217448235,0.2581058517098427,0.2581058517098427,129,0.014334403365463407,0.014334403365463407,0.0
533,Mark Noble,14,297,0,0.0,0,0.044330441392958164,0,2,1,0,M S,West Ham,0,0.0,0.3972275406122208,0.3972275406122208,427,0.0,0.0,0.013433467088775202
534,Aaron Cresswell,27,2430,0,0.7805705275386572,7,5.3447891902178535,16,42,1,0,D,West Ham,0,0.7805705275386572,8.164992582052946,6.217920180410148,435,0.028910019538468786,0.028910019538468786,0.19795515519325382
540,Darren Randolph,2,180,0,0.0,0,0.0,0,0,0,0,GK,West Ham,0,0.0,0.17282110452651978,0.17282110452651978,430,0.0,0.0,0.0
545,Kieran Gibbs,10,808,0,0.06194194033741951,0,0.4062059596180916,1,4,0,1,D S,West Bromwich Albion,0,0.06194194033741951,0.8934749104082584,0.8129167035222054,407,0.006899473552435341,0.006899473552435341,0.04524571332379733
546,David de Gea,24,2118,0,0.0,0,0.0,0,0,0,0,GK,Manchester United,0,0.0,2.0670585799962278,2.0670585799962278,291,0.0,0.0,0.0
549,Timothy Fosu-Mensah,1,85,0,0.015449298545718191,0,0.30515241622924805,1,2,1,0,D,Manchester United,0,0.015449298545718191,0.4019051194190979,0.3608218729496002,312,0.01635808081311338,0.01635808081311338,0.3231025583603803
554,Juan Mata,7,341,0,0.3115340732038021,2,0.7225953266024591,4,8,0,0,M S,Manchester United,0,0.3115340732038021,2.1740669272840023,1.3244589436799288,290,0.08222306917402401,0.08222306917402401,0.1907143090739628
573,Odion Ighalo,1,5,0,0.0,0,0.0,0,0,0,0,S,Manchester United,0,0.0,0.0,0.0,293,0.0,0.0,0.0
585,Seamus Coleman,15,885,0,0.4400067534297705,1,0.6860669665038586,5,6,0,0,D S,Everton,0,0.4400067534297705,2.8911311253905296,2.466935243457556,152,0.044746449501332594,0.044746449501332594,0.06976952201734155
587,Phil Jagielka,8,432,0,0.0,0,0.0,0,0,1,1,D S,Sheffield United,0,0.0,0.8261335417628288,0.8261335417628288,529,0.0,0.0,0.0
589,James McCarthy,11,549,0,0.012277675792574884,0,0.09529435448348522,1,2,1,0,M S,Crystal Palace,0,0.012277675792574884,0.9034657664597034,0.9034657664597034,131,0.002012733736487686,0.002012733736487686,0.015622025325161513
603,Nathaniel Clyne,13,1151,0,0.12293394096195698,1,0.22248492389917374,4,4,2,0,D,Crystal Palace,0,0.12293394096195698,1.8969638887792823,1.7311625815927982,577,0.00961255837235111,0.00961255837235111,0.017396736012967536
614,Fernandinho,14,781,0,0.6274947477504611,0,0.5579243665561079,9,4,3,0,M S,Manchester City,0,0.6274947477504611,5.447378568351269,5.2276779636740685,266,0.07231053431183292,0.07231053431183292,0.06429346093476276
619,Sergio Agüero,7,216,0,0.9112901203334332,0,0.7305132709443569,5,4,0,0,F S,Manchester City,0,0.9112901203334332,1.8063572011888027,0.5174209177494049,268,0.3797042168055972,0.3797042168055972,0.3043805295601487
624,Willy Caballero,1,90,0,0.0,0,0.0,0,0,0,0,GK,Chelsea,0,0.0,0.14356312155723572,0.14356312155723572,101,0.0,0.0,0.0
633,James McArthur,18,1482,0,0.28225431498140097,2,1.5203707329928875,6,15,3,0,M S,Crystal Palace,0,0.28225431498140097,3.2456036321818833,2.2573831360787158,130,0.01714095030251423,0.01714095030251423,0.09233020645705796
635,Alex McCarthy,25,2250,0,0.0,0,0.0,0,0,2,0,GK,Southampton,0,0.0,2.534433638677001,2.534433638677001,363,0.0,0.0,0.0
637,Hugo Lloris,27,2430,0,0.0,0,0.0,0,0,0,0,GK,Tottenham,0,0.0,4.0894295144826165,4.0894295144826165,383,0.0,0.0,0.0
643,Eric Dier,21,1890,0,1.067133367061615,0,0.20428698509931564,12,4,2,0,D,Tottenham,0,1.067133367061615,3.938316084444523,3.9192898645997047,391,0.050815874621981665,0.050815874621981665,0.009727951671395983
644,Erik Lamela,16,526,0,0.8305472806096077,0,0.6656891778111458,15,6,4,0,F M S,Tottenham,0,0.8305472806096077,3.4187786988914013,2.6423016525805,387,0.14210885029441958,0.14210885029441958,0.1139011901197778
645,Dele Alli,8,196,0,0.8256193250417709,0,0.24773732759058475,3,5,0,0,M S,Tottenham,0,0.8256193250417709,1.978983785957098,1.1318876333534718,394,0.3791109145599969,0.3791109145599969,0.11375693613853383
660,Ben Davies,19,1298,0,0.1976930759847164,1,0.4373754449188709,3,8,1,0,D S,Tottenham,0,0.1976930759847164,2.6845735367387533,2.3310538921505213,395,0.013707532233146745,0.013707532233146745,0.030326494639983347
661,Josh Onomah,5,148,0,0.0,0,0.0,0,0,1,0,M S,Fulham,0,0.0,0.061870550736784935,0.061870550736784935,188,0.0,0.0,0.0
682,Branislav Ivanovic,12,748,0,0.4594708159565926,0,0.04892949759960175,4,1,2,0,D S,West Bromwich Albion,0,0.4594708159565926,0.34919734112918377,0.34919734112918377,530,0.05528392170600713,0.05528392170600713,0.005887239015994862
697,Nemanja Matic,15,914,0,0.1647858265787363,0,0.6243858942762017,6,7,2,0,M S,Manchester United,0,0.1647858265787363,4.911707498133183,4.28893250413239,295,0.016226175483683006,0.016226175483683006,0.06148219965520586
700,Willian,20,1196,0,1.7001072149723768,5,3.1222177557647233,17,24,0,0,F M S,Arsenal,0,1.7001072149723768,5.951194182038307,2.935333508998156,478,0.12793448942099825,0.12793448942099825,0.23494949667125842
703,Fikayo Tomori,1,43,0,0.0,0,0.0,0,0,0,0,S,Chelsea,0,0.0,0.0727275162935257,0.0727275162935257,121,0.0,0.0,0.0
706,Lukasz Fabianski,25,2250,0,0.0,0,0.0,0,0,2,0,GK,West Ham,0,0.0,0.4926481256261468,0.4926481256261468,431,0.0,0.0,0.0
708,Federico Fernández,16,1385,0,0.0,0,0.4773549903184176,0,4,2,0,D,Newcastle United,0,0.0,0.945889674127102,0.8893048390746117,323,0.0,0.0,0.031019457854626415
710,Neil Taylor,1,13,0,0.0,0,0.0,0,0,1,0,S,Aston Villa,0,0.0,0.0,0.0,31,0.0,0.0,0.0
712,Jack Cork,9,738,0,0.19732674770057199,0,0.08879508450627327,5,3,1,0,M S,Burnley,0,0.19732674770057199,1.5034569036215544,1.282030213624239,84,0.024064237524460002,0.024064237524460002,0.010828668842228448
727,DeAndre Yedlin,6,442,0,0.0998492855578661,0,0.08443297632038592,2,3,0,0,D S,Newcastle United,0,0.0998492855578661,0.5257039777934551,0.3566392660140991,335,0.020331302489158255,0.020331302489158255,0.017192234997363647
730,Patrick van Aanholt,17,1414,0,1.3433599025011065,1,0.649572467431426,16,12,1,0,D M S,Crystal Palace,0,1.3433599025011065,3.887631319463253,2.4759830757975583,139,0.08550381274759518,0.08550381274759518,0.04134478222689417
741,Jordan Pickford,22,1980,0,0.0,0,0.021773621439933773,0,1,1,0,GK,Everton,0,0.0,2.92722871247679,2.905455091036856,157,0.0,0.0,0.0009897100654515352
745,Kasper Schmeichel,28,2520,0,0.0,0,0.0,0,0,0,0,GK,Leicester,0,0.0,2.5070297019556165,2.5070297019556165,217,0.0,0.0,0.0
748,Wes Morgan,3,13,0,0.0,0,0.0,0,0,0,0,S,Leicester,0,0.0,0.14461266994476318,0.14461266994476318,216,0.0,0.0,0.0
749,Christian Fuchs,9,703,0,0.07373147457838057,0,0.01301558315753937,4,1,4,0,D S,Leicester,0,0.07373147457838057,2.723851103335619,2.66554918885231,218,0.009439306845027385,0.009439306845027385,0.0016662908736536888
751,N&#039;Golo Kanté,24,1809,0,0.5896237716078758,2,1.071156274527311,8,18,6,0,M S,Chelsea,0,0.5896237716078758,7.833476770669223,6.3632848002016535,113,0.02933451600039183,0.02933451600039183,0.053291356941657264
753,Marc Albrighton,21,1194,0,1.0718820579349997,3,2.6477421447634697,17,22,2,0,D M S,Leicester,0,1.0718820579349997,5.400654144585133,3.1633728481829166,221,0.08079512999510047,0.08079512999510047,0.19957855362538715
762,Demarai Gray,1,17,0,0.057972058653831475,0,0.0,1,0,0,0,S,Leicester,0,0.057972058653831475,0.027033437043428418,0.027033437043428418,230,0.3069108987555784,0.3069108987555784,0.0
772,Moussa Sissoko,20,1407,0,0.21168345212936399,0,0.1844094712287188,2,4,2,0,D M S,Tottenham,0,0.21168345212936399,4.080665064044297,3.8714010687544937,385,0.01354051932597211,0.01354051932597211,0.011795915003969221
780,Karl Darlow,25,2250,0,0.0,0,0.0,0,0,2,0,GK,Newcastle United,0,0.0,0.9974323827773331,0.9974323827773331,325,0.0,0.0,0.0
807,Jonny Evans,22,1943,0,0.3081500194966793,1,0.1974735390394926,4,6,7,0,D,Leicester,0,0.3081500194966793,4.2471136040985575,4.177504349499942,219,0.014273546965878094,0.014273546965878094,0.009146998720305884
831,Fraser Forster,3,270,0,0.0,0,0.0,0,0,0,0,GK,Southampton,0,0.0,0.0,0.0,523,0.0,0.0,0.0
835,Ryan Bertrand,26,2330,0,0.374919967725873,1,1.0960542894899843,8,9,5,0,D,Southampton,0,0.374919967725873,4.809363273903728,4.4545120960101485,362,0.014481887165377069,0.014481887165377069,0.042336860967424284
839,Shane Long,11,184,0,0.06422476656734942,0,0.0,2,0,0,0,F S,Southampton,0,0.06422476656734942,0.08692492172122003,0.06606833077967167,361,0.031414287994899176,0.031414287994899176,0.0
847,Cédric Soares,8,611,0,0.12581501249223948,1,0.8928054347634315,5,6,1,0,D S,Arsenal,0,0.12581501249223948,3.087322723120451,2.7488091103732586,5,0.01853248956514166,0.01853248956514166,0.13150980217464622
848,Charlie Austin,5,126,0,0.4129626452922821,0,0.0,3,0,0,0,S,West Bromwich Albion,0,0.4129626452922821,0.4129626452922821,0.0,415,0.2949733180659158,0.2949733180659158,0.0
853,Paul Dummett,4,264,0,0.0,0,0.0,0,0,0,0,D S,Newcastle United,0,0.0,0.1682867929339409,0.1682867929339409,331,0.0,0.0,0.0
857,Phil Bardsley,4,272,0,0.06341451406478882,0,0.0,3,0,2,0,D S,Burnley,0,0.06341451406478882,0.1266939826309681,0.10160527005791664,82,0.020982743624378655,0.020982743624378655,0.0
876,Fabian Delph,5,206,0,0.014957983046770098,0,0.028502553701400764,1,1,0,0,D M S,Everton,0,0.014957983046770098,1.0346714854240415,0.9912109673023224,149,0.006535041136938392,0.006535041136938392,0.012452572005466353
884,Matt Targett,26,2327,0,0.24966926965862515,1,1.6745610758662224,5,20,5,0,D,Aston Villa,0,0.24966926965862515,7.138778744265437,6.088930321857332,42,0.009656310386453058,0.009656310386453058,0.06476600637213581
885,Kyle Walker-Peters,20,1784,0,0.398036852478981,1,0.6399215701967478,8,10,4,0,D,Southampton,0,0.398036852478981,4.901552002876997,4.135314401239157,375,0.02008033448604725,0.02008033448604725,0.0322830388552171
887,Erik Pieters,17,1047,0,0.15116792730987072,1,0.2309067249298096,4,4,1,0,D M S,Burnley,0,0.15116792730987072,1.2977585922926664,1.050295438617468,83,0.012994377705719547,0.012994377705719547,0.019848715610012287
888,Xherdan Shaqiri,12,507,0,0.424720536917448,2,2.0050251334905624,11,15,2,0,F M S,Liverpool,0,0.424720536917448,4.046345725655557,1.9412223640829325,247,0.07539417815102627,0.07539417815102627,0.35592162132968563
900,Adama Traoré,27,1856,0,1.1299143172800539,0,3.8005159413442016,23,38,3,0,D F M S,Wolverhampton Wanderers,0,1.1299143172800539,6.3595366375520825,2.1600166149437428,465,0.0547911037474164,0.0547911037474164,0.1842922600867339
910,Harrison Reed,24,1789,0,0.2137705786153674,2,1.5649295654147863,10,17,5,0,M S,Fulham,0,0.2137705786153674,6.1476206006482235,5.376946340315044,373,0.01075424934342262,0.01075424934342262,0.07872759132886013
934,Axel Tuanzebe,6,131,0,0.0,0,0.0,0,0,2,0,D S,Manchester United,0,0.0,0.6552485078573227,0.6552485078573227,307,0.0,0.0,0.0
966,Alex Oxlade-Chamberlain,8,213,0,0.12630648165941238,1,0.3017775043845177,5,2,0,0,F M S,Liverpool,0,0.12630648165941238,0.9012919943779708,0.7666849214583635,248,0.053368935912427765,0.053368935912427765,0.12751162157092297
971,Harry Winks,10,633,0,0.04747136682271957,0,0.16632842272520065,3,3,4,0,M S,Tottenham,0,0.04747136682271957,3.3330619633197784,3.2283411361277103,397,0.006749483434509891,0.006749483434509891,0.023648590908796303
978,Sam Johnstone,27,2430,0,0.0,0,0.0,0,0,0,0,GK,West Bromwich Albion,0,0.0,0.8431960009038448,0.8431960009038448,417,0.0,0.0,0.0
987,Joseph Gomez,7,594,0,0.0,0,0.06542927026748657,0,1,0,0,D S,Liverpool,0,0.0,2.0854201316833496,2.019990861415863,260,0.0,0.0,0.009913525798104027
1013,Sam Field,3,56,0,0.0,0,0.0,0,0,0,0,S,West Bromwich Albion,0,0.0,0.0,0.0,423,0.0,0.0,0.0
1014,Tyler Roberts,16,645,0,0.7503941152244806,2,1.427403124049306,13,10,1,0,F M S,Leeds,0,0.7503941152244806,3.2939795963466167,1.306664204224944,206,0.10470615561271822,0.10470615561271822,0.19917252893711246
1042,Tom Davies,17,907,0,0.05088723637163639,0,0.3755964152514935,3,3,2,0,D M S,Everton,0,0.05088723637163639,1.4036904387176037,1.015085257589817,163,0.005049450136105044,0.005049450136105044,0.037269765570710496
1053,Keinan Davis,7,59,0,0.2483493685722351,0,0.02560575678944588,3,1,0,0,S,Aston Villa,0,0.2483493685722351,0.4688578248023987,0.2205084562301636,50,0.37883801985595184,0.37883801985595184,0.039059629000849645
1084,Jonjoe Kenny,4,81,0,0.0,0,0.0,0,0,0,0,D S,Everton,0,0.0,0.24064451456069946,0.24064451456069946,160,0.0,0.0,0.0
1208,Felipe Anderson,2,2,0,0.0,0,0.0,0,0,0,0,S,West Ham,0,0.0,0.05036865919828415,0.05036865919828415,602,0.0,0.0,0.0
1245,Emerson,2,88,0,0.0,0,0.0,0,0,0,0,S,Chelsea,0,0.0,0.0,0.0,111,0.0,0.0,0.0
1257,Alisson,23,2070,0,0.0,0,0.0,0,0,1,0,GK,Liverpool,0,0.0,2.0610576365143056,2.0610576365143056,252,0.0,0.0,0.0
1304,Moise Kean,2,10,0,0.02234572172164917,0,0.0,1,0,0,0,S,Everton,0,0.02234572172164917,0.02234572172164917,0.0,169,0.20111149549484253,0.20111149549484253,0.0
1379,Allan,15,1241,0,0.09773379191756247,0,0.2893410120159388,4,7,4,0,M S,Everton,0,0.09773379191756247,5.415863052010536,5.080158054828644,502,0.007087865650749897,0.007087865650749897,0.020983635037416997
1545,Emil Krafth,10,788,0,0.03342401795089245,0,0.12247556820511818,3,4,2,0,D S,Newcastle United,0,0.03342401795089245,1.5823657270520926,1.4264661706984043,333,0.003817463979162843,0.003817463979162843,0.013988326317843445
1665,James Tarkowski,26,2340,0,2.0423848060891028,0,0.3823613822460175,15,7,3,0,D,Burnley,0,2.0423848060891028,2.060444219969213,1.8723776685073967,81,0.0785532617726578,0.0785532617726578,0.014706207009462211
1682,Islam Slimani,1,17,0,0.10036919265985488,0,0.07683446258306502,1,1,0,0,S,Leicester,0,0.10036919265985488,0.17720365524291992,0.0,579,0.5313663140815846,0.5313663140815846,0.4067706842632854
1683,Ryan Fraser,16,750,0,0.7673279847949743,2,2.133415225893259,9,23,0,1,F M S,Newcastle United,0,0.7673279847949743,2.811828162521124,1.3077173642814162,507,0.09207935817539692,0.09207935817539692,0.25600982710719106
1685,Ahmed El Mohamady,10,509,0,0.1895817704498768,0,0.8551659025251865,5,8,2,0,D S,Aston Villa,0,0.1895817704498768,1.8005283372476697,1.059831869788468,29,0.03352133465714914,0.03352133465714914,0.15120811636005263
1689,Jake Livermore,16,1236,0,0.28153711929917336,0,0.1757232453674078,5,5,2,1,M S,West Bromwich Albion,0,0.28153711929917336,1.4664099551737309,1.1554318275302649,409,0.020500275677124275,0.020500275677124275,0.012795381944228724
1691,Robert Snodgrass,10,516,0,0.1604008488357067,0,0.5400325320661068,3,3,2,0,M S,"West Bromwich Albion,West Ham",0,0.1604008488357067,0.8308929689228535,0.16630877368152142,428,0.027976892238786053,0.027976892238786053,0.09419172070920467
1699,Shkodran Mustafi,3,43,0,0.0,0,0.0,0,0,0,0,S,Arsenal,0,0.0,0.06472476571798325,0.06472476571798325,7,0.0,0.0,0.0
1719,Javier Manquillo,10,722,0,0.02316185832023621,0,0.2976967543363571,1,5,1,0,D S,Newcastle United,0,0.02316185832023621,0.8574703447520733,0.5366117190569639,332,0.002887212255985123,0.002887212255985123,0.037109013698437866
1735,Jack Stephens,13,1094,0,0.732102520763874,0,0.4051140248775482,4,4,2,0,D M S,Southampton,0,0.732102520763874,1.783443646505475,1.453758867457509,367,0.060227812494285805,0.060227812494285805,0.033327479194679474
1738,Hal Robson-Kanu,12,220,0,0.11839285865426065,0,0.1340111494064331,4,2,1,0,S,West Bromwich Albion,0,0.11839285865426065,0.3419303856790066,0.11828917637467384,408,0.04843344217674299,0.04843344217674299,0.054822742938995354
1739,Eric Bailly,8,635,0,0.04878591373562813,0,0.0,1,0,2,0,D S,Manchester United,0,0.04878591373562813,1.0238257646560671,1.0238257646560671,310,0.0069145389546559554,0.0069145389546559554,0.0
1747,Kevin Long,8,635,0,0.6100033670663834,0,0.017368044704198837,2,1,2,0,D S,Burnley,0,0.6100033670663834,0.5022359080612661,0.5022359080612661,85,0.08645717013539292,0.08645717013539292,0.0024616126352407803
1748,Lys Mousset,7,233,0,0.760447584092617,0,0.4371888861060143,3,3,0,0,F S,Sheffield United,0,0.760447584092617,1.4581231847405434,0.26048676669597626,359,0.2937351183190366,0.2937351183190366,0.16887124356026303
1749,Rob Holding,22,1828,0,0.7339209318161011,1,0.20068277791142464,14,4,2,0,D S,Arsenal,0,0.7339209318161011,4.957559086382388,4.717399328947066,16,0.03613396272617566,0.03613396272617566,0.009880443113800994
1750,Ainsley Maitland-Niles,17,1023,0,0.533906077966094,0,0.7159004714339972,5,4,1,0,D M S,"Arsenal,West Bromwich Albion",0,0.533906077966094,4.2529901936650285,3.681036749854684,15,0.04697120920522821,0.04697120920522821,0.06298244616721382
1760,Arthur Masuaku,10,857,0,0.4290256863459945,1,2.380280686542392,6,9,1,0,D,West Ham,0,0.4290256863459945,3.995828874409199,1.6593117956072092,442,0.045055206267373984,0.045055206267373984,0.24997113394260828
1785,Nampalys Mendy,20,1375,0,0.0570374820381403,1,0.1600445732474327,3,4,5,0,M S,Leicester,0,0.0570374820381403,3.3009577523916964,3.16052969917655,518,0.003733362460678274,0.003733362460678274,0.010475644794377414
1822,Antonio Rüdiger,12,1080,0,0.3055452760308981,0,0.18266869708895686,9,2,0,0,D,Chelsea,0,0.3055452760308981,4.193928778171538,4.122369408607483,109,0.025462106335908175,0.025462106335908175,0.015222391424079738
1823,Lucas Digne,19,1693,0,0.3836814220994711,6,3.5231954790651803,9,26,1,1,D M,Everton,0,0.3836814220994711,6.966633748263121,4.33490633405745,155,0.020396531594183344,0.020396531594183344,0.1872933213915335
1828,Alex Telles,7,516,0,0.12450907565653326,2,0.686748668551445,4,10,0,0,D S,Manchester United,0,0.12450907565653326,2.791853249073029,2.7112308740615845,568,0.02171669924241859,0.02171669924241859,0.11978174451478692
2163,Diego Llorente,5,361,0,0.6337105501443148,0,0.3408033810555935,3,2,1,0,D S,Leeds,0,0.6337105501443148,1.4782831519842148,0.5823934823274612,549,0.1579887798143721,0.1579887798143721,0.08496483184211472
2164,Pablo Hernández,13,319,0,1.0526651926338673,2,0.8278257250785828,10,5,1,0,M S,Leeds,0,1.0526651926338673,3.78672625310719,1.9982364773750303,193,0.29699017973996256,0.29699017973996256,0.2335558472008541
2190,Vicente Guaita,28,2520,0,0.0,0,0.0,0,0,2,0,GK,Crystal Palace,0,0.0,1.3437776416540146,1.3437776416540146,128,0.0,0.0,0.0
2254,Mateo Kovacic,23,1532,0,0.7999924342148006,1,1.4717629188671708,19,16,2,0,M S,Chelsea,0,0.7999924342148006,10.521177385933695,9.209677246399226,107,0.046996944568754605,0.046996944568754605,0.08646126807966409
2259,Kiko Casilla,1,90,0,0.0,0,0.0,0,0,0,0,GK,Leeds,0,0.0,0.0,0.0,194,0.0,0.0,0.0
2280,Jonny,6,415,0,0.05170465260744095,0,0.050900813192129135,1,2,0,0,D,Wolverhampton Wanderers,0,0.05170465260744095,0.29065920133143663,0.1880537448450923,462,0.011213057191975146,0.011213057191975146,0.011038730571787043
2310,Alphonse Areola,27,2430,0,0.0,0,0.0,0,0,0,0,GK,Fulham,0,0.0,2.8315290622413163,2.8315290622413163,516,0.0,0.0,0.0
2328,Thomas Partey,13,795,0,0.8086518365889788,1,0.5842562895268202,12,7,3,0,M S,Arsenal,0,0.8086518365889788,3.236096739768982,1.9466845206916328,567,0.09154549093460136,0.09154549093460136,0.06614222145586643
2361,Willian José,8,597,0,0.6231729574501514,0,0.9554010247811676,10,7,0,0,F S,Wolverhampton Wanderers,0,0.6231729574501514,0.7532045990228653,0.3797417059540749,478,0.09394567197740976,0.09394567197740976,0.14403030524339208
2383,André Gomes,21,1279,0,0.2233623517677188,1,0.3261344749480486,9,9,3,0,M S,Everton,0,0.2233623517677188,3.2462364761158824,2.748297318816185,659,0.015717444612271064,0.015717444612271064,0.022949259378674258
2385,Mat Ryan,12,1080,0,0.0,0,0.0,0,0,1,0,GK,"Arsenal,Brighton",0,0.0,1.299707356840372,1.299707356840372,70,0.0,0.0,0.0
2446,Dani Ceballos,19,1115,0,0.32646260410547256,2,1.9877735264599323,8,18,3,0,M S,Arsenal,0,0.32646260410547256,6.3635038286447525,5.57820401340723,501,0.026351241586988816,0.026351241586988816,0.16044808733757301
2498,Aymeric Laporte,11,935,0,0.20661015808582306,0,0.3110742345452309,5,3,1,0,D S,Manchester City,0,0.20661015808582306,4.766990028321743,4.766990028321743,280,0.019887608799704894,0.019887608799704894,0.029942974448204044
2517,Martin Odegaard,6,295,0,0.20782624557614326,0,0.3201056979596615,5,4,0,0,M S,Arsenal,0,0.20782624557614326,1.0487376824021342,0.5838295370340347,429,0.06340461729441658,0.06340461729441658,0.09765936547921876
2958,Oleksandr Zinchenko,14,1083,0,0.4029697934165597,0,0.5382289495319128,10,9,0,0,D S,Manchester City,0,0.4029697934165597,6.574207693338393,5.9277565106749535,283,0.03348779446675011,0.03348779446675011,0.04472816755112849
3231,Kamil Grosicki,3,151,0,0.1092490777373314,1,0.5663558542728424,3,3,0,0,M S,West Bromwich Albion,0,0.1092490777373314,0.16501346230506894,0.017962073907256126,410,0.06511534434675381,0.06511534434675381,0.3375630919507008
3303,Ricardo Pereira,9,682,0,0.257144533097744,0,0.2104261815547943,6,4,1,0,D M S,Leicester,0,0.257144533097744,2.693729523569345,2.3593147136271,226,0.03393402929442369,0.03393402929442369,0.027768850938315964
3304,Maxime Le Marchand,2,118,0,0.009506329894065857,0,0.0,1,0,2,0,D S,Fulham,0,0.009506329894065857,0.2469165474176407,0.2469165474176407,173,0.007250590597168874,0.007250590597168874,0.0
3420,Fabinho,20,1663,0,0.22124939784407616,0,0.17453852854669094,5,3,5,0,D M S,Liverpool,0,0.22124939784407616,5.704903218895197,5.593121949583292,253,0.011973809865283737,0.011973809865283737,0.009445861436682012
3585,Said Benrahma,19,954,0,1.890953866764903,4,1.936060612089932,24,16,0,0,M S,West Ham,0,1.890953866764903,6.43520755879581,2.9363083299249415,587,0.17839187422310407,0.17839187422310407,0.18264722755565396
3696,Morgan Sanson,6,123,0,0.01479188259691,0,0.0,1,0,2,0,M S,Aston Villa,0,0.01479188259691,0.1448504775762558,0.1448504775762558,647,0.01082332872944634,0.01082332872944634,0.0
3979,Ahmed Hegazy,1,90,0,0.0,0,0.0,0,0,0,0,D,West Bromwich Albion,0,0.0,0.18402814865112305,0.18402814865112305,414,0.0,0.0,0.0
4401,Emiliano Martinez,26,2340,0,0.0,0,0.1229233592748642,0,2,0,0,GK,Aston Villa,0,0.0,2.8016652129590507,2.6787418462336063,12,0.0,0.0,0.0047278215105717
4866,Aboubakar Kamara,11,303,0,0.6549202371388674,0,0.3289689794182777,4,6,1,1,F M S,Fulham,0,0.6549202371388674,1.1032148711383345,0.1823261920362711,190,0.19453076350659426,0.19453076350659426,0.09771355824305278
4918,Patrick Cutrone,2,21,0,0.07145750522613525,0,0.0,1,0,0,0,S,Wolverhampton Wanderers,0,0.07145750522613525,0.07145750522613525,0.0,626,0.3062464509691511,0.3062464509691511,0.0
5061,Kepa,4,360,0,0.0,0,0.0,0,0,0,0,GK,Chelsea,0,0.0,0.13215267658233645,0.13215267658233645,112,0.0,0.0,0.0
5245,Bernardo,3,201,0,0.31766778230667114,0,0.17365065217018127,4,2,0,0,D M S,Brighton,0,0.31766778230667114,0.2733000218868256,0.09216472506523132,75,0.14223930551044975,0.14223930551044975,0.07775402335978265
5247,Naby Keita,9,504,0,0.3932588808238506,0,0.6995100528001785,9,4,1,0,M S,Liverpool,0,0.3932588808238506,3.376780103892088,2.3297141976654534,261,0.07022480014711618,0.07022480014711618,0.12491250942860331
5264,Caglar Söyüncü,15,1082,0,0.19939973205327988,0,0.2815678808838129,6,5,2,0,D S,Leicester,0,0.19939973205327988,2.9458599127829075,2.9458599127829075,238,0.016585929653230302,0.016585929653230302,0.02342061855780329
5274,Michael Hector,4,266,0,0.08639734238386154,0,0.019498158246278763,1,1,2,0,D S,Fulham,0,0.08639734238386154,0.4653734043240547,0.44587526470422745,178,0.02923218351333661,0.02923218351333661,0.00659712121114695
5549,Luka Milivojevic,24,1772,0,0.5309408339671791,1,1.501170875504613,13,15,7,1,M S,Crystal Palace,0,0.5309408339671791,4.433683024253696,3.821668654680252,138,0.02696652091255424,0.02696652091255424,0.07624457042630652
5552,Nick Pope,27,2430,0,0.0,0,0.049571424722671516,0,1,0,0,GK,Burnley,0,0.0,0.9209924042224884,0.8714209794998169,96,0.0,0.0,0.0018359786934322784
5562,Rekeem Harper,2,27,0,0.02959535084664822,0,0.0,1,0,0,0,S,West Bromwich Albion,0,0.02959535084664822,0.038211461156606674,0.008616110309958458,426,0.0986511694888274,0.0986511694888274,0.0
5569,Rhian Brewster,20,848,0,1.6854910347610712,0,1.6649599596858025,16,8,0,0,F M S,Sheffield United,0,1.6854910347610712,3.4987217923626304,0.5708507681265473,262,0.17888466170813255,0.17888466170813255,0.17670565609872904
5590,Tosin Adarabioyo,24,2160,0,1.510789101012051,0,0.2561739608645439,16,4,1,0,D,Fulham,0,1.510789101012051,4.917098111473023,4.858810625039041,572,0.06294954587550212,0.06294954587550212,0.010673915036022663
5603,Aaron Ramsdale,28,2520,0,0.0,0,0.05357085168361664,0,1,1,0,GK,Sheffield United,0,0.0,2.554346399381757,2.5007755551487207,483,0.0,0.0,0.0019132447029863084
5708,Fernando Marçal,12,609,0,0.07455454580485821,0,0.12729191407561302,2,3,2,0,D M S,Wolverhampton Wanderers,0,0.07455454580485821,1.9878662656992676,1.82105128839612,505,0.011017913173131754,0.011017913173131754,0.01881161291757828
5973,Kenny Tete,14,963,0,0.0783982016146183,1,0.7038148269057274,2,14,2,0,D S,Fulham,0,0.0783982016146183,2.5806526578962803,1.8667817879468205,517,0.007326934730338159,0.007326934730338159,0.0657770866267035
6044,Charlie Taylor,21,1742,0,0.11451608128845693,1,0.4888953194022178,3,8,1,0,D,Burnley,0,0.11451608128845693,3.023748874664306,2.6388436928391457,97,0.0059164450723083375,0.0059164450723083375,0.02525865599667027
6050,Davy Pröpper,5,189,0,0.13856251817196608,0,0.0,4,0,0,0,M S,Brighton,0,0.13856251817196608,0.26994941383600235,0.19422807544469836,59,0.06598215151046004,0.06598215151046004,0.0
6051,Dale Stephens,7,258,0,0.08226923830807209,0,0.0,3,0,1,0,M S,Burnley,0,0.08226923830807209,0.2412488982081413,0.1589796580374241,55,0.028698571502815844,0.028698571502815844,0.0
6054,Ederson,28,2520,0,0.0,1,0.3033580780029297,0,1,2,0,GK,Manchester City,0,0.0,5.729077886790037,5.425719831138848,278,0.0,0.0,0.010834217071533203
6062,Isaac Hayden,22,1811,0,0.5997384833171964,0,0.2119988491758704,15,6,8,0,D M S,Newcastle United,0,0.5997384833171964,4.412639303132892,3.975845018401742,336,0.02980478382029137,0.02980478382029137,0.01053555849024204
6122,Douglas Luiz,22,1940,0,1.0139256967231631,2,2.1541314143687487,20,14,5,1,M,Aston Villa,0,1.0139256967231631,8.113493314012885,5.901437455788255,196,0.04703779005416736,0.04703779005416736,0.09993393159442648
6162,Cengiz Ünder,9,259,0,0.2526032058522105,2,1.664034228771925,9,6,0,0,M S,Leicester,0,0.2526032058522105,2.688693110831082,1.0227039009332657,541,0.08777717577876042,0.08777717577876042,0.5782358323917886
6163,Nélson Semedo,25,2218,0,0.902229817584157,1,0.5380921764299273,18,13,4,0,D M,Wolverhampton Wanderers,0,0.902229817584157,5.838255398906767,4.8252098923549065,546,0.03660986635823901,0.03660986635823901,0.021834218159915895
6249,Davinson Sánchez,14,1128,0,0.2696472480893135,0,0.0,4,0,0,0,D S,Tottenham,0,0.2696472480893135,4.771983370184898,4.771983370184898,398,0.02151440809223246,0.02151440809223246,0.0
6273,Robin Koch,11,908,0,0.4588022902607918,0,0.12580820359289646,7,4,0,0,D,Leeds,0,0.4588022902607918,3.959650974720717,3.8203188106417656,491,0.0454759979333384,0.0454759979333384,0.012469976127049209
6274,Andriy Yarmolenko,14,328,0,0.3100077696144581,1,0.7814441211521626,7,5,3,0,M S,West Ham,0,0.3100077696144581,1.4224299974739552,0.9000916332006454,436,0.08506310751616228,0.08506310751616228,0.214420642999069
6314,Joachim Andersen,22,1953,0,0.45125089585781103,1,0.4347022995352745,7,7,4,1,D,Fulham,0,0.45125089585781103,5.532873776741326,5.416578208096325,571,0.020794972159346132,0.020794972159346132,0.02003236403388362
6350,Jayson Molumby,1,1,0,0.0,0,0.0,0,0,0,0,S,Brighton,0,0.0,0.0,0.0,550,0.0,0.0,0.0
6369,Ethan Ampadu,21,1786,0,0.19445300102233887,0,0.9830160085111856,7,11,2,0,D M S,Sheffield United,0,0.19445300102233887,2.9287137538194656,2.665605517104268,509,0.00979886343337654,0.00979886343337654,0.049536081055994795
6377,Joe Rodon,7,369,0,0.0,0,0.0,0,0,0,0,D S,Tottenham,0,0.0,0.6161115653812885,0.6161115653812885,584,0.0,0.0,0.0
6418,Hamza Choudhury,9,303,0,0.4477978311479092,0,0.0,4,0,1,0,M S,Leicester,0,0.4477978311479092,2.3278589919209485,1.9456675946712492,234,0.1330092567766067,0.1330092567766067,0.0
6434,André-Frank	Zambo Anguissa,27,1907,0,0.8806854365393519,3,1.9724169410765169,23,20,5,0,M S,Fulham,0,0.8806854365393519,6.93712080642581,5.3612337093800315,191,0.04156354970558032,0.04156354970558032,0.09308732286150315
6477,Cenk Tosun,5,37,0,0.0,0,0.07407927513122559,0,1,2,0,S,Everton,0,0.0,0.10806649923324584,0.033987220376729965,153,0.0,0.0,0.18019283140027845
6492,Reiss Nelson,2,59,0,0.05691708996891976,0,0.0,1,0,0,0,S,Arsenal,0,0.05691708996891976,0.348039735108614,0.2911226451396942,21,0.08682267961360642,0.08682267961360642,0.0
6504,Michael Obafemi,1,12,0,0.0,0,0.0,0,0,0,0,S,Southampton,0,0.0,0.06713031232357025,0.06713031232357025,381,0.0,0.0,0.0
6532,Martin Dubravka,2,180,0,0.0,0,0.0,0,0,0,0,GK,Newcastle United,0,0.0,0.08057107031345367,0.08057107031345367,326,0.0,0.0,0.0
6736,Ibrahima Diallo,13,551,0,0.4410847127437592,0,0.1535518690943718,2,5,2,0,M S,Southampton,0,0.4410847127437592,1.0611113086342812,0.9620508216321468,565,0.07204650480388082,0.07204650480388082,0.025081067547175068
6817,Fred,22,1750,0,1.0392025168985128,0,1.8596528451889756,21,18,4,0,M S,Manchester United,0,1.0392025168985128,9.169561129063366,7.115568779408933,299,0.05344470086906638,0.05344470086906638,0.09563928918114732
6822,Lee Peltier,4,230,0,0.0,0,0.02232173457741737,0,1,1,0,D S,West Bromwich Albion,0,0.0,0.17831582203507426,0.15599408745765686,600,0.0,0.0,0.008734591791163319
6834,Joe Bryan,12,459,0,0.1328025572001934,0,0.10450741648674013,4,2,2,0,D M S,Fulham,0,0.1328025572001934,0.9568636268377304,0.793106272816658,182,0.02603971709807714,0.02603971709807714,0.020491650291517675
6840,Neeskens Kebano,5,112,0,0.2724298546090722,0,0.0,6,0,0,0,M S,Fulham,0,0.2724298546090722,0.241671652533114,0.02052751183509827,180,0.21891684745371873,0.21891684745371873,0.0
6842,Alireza Jahanbakhsh,13,246,0,1.342842783778906,1,1.8188609778881075,11,6,2,0,F M S,Brighton,0,1.342842783778906,3.304691530764103,1.3213343322277071,71,0.4912839452849656,0.4912839452849656,0.6654369431297954
6843,David Button,1,90,0,0.0,0,0.0,0,0,0,0,GK,West Bromwich Albion,0,0.0,0.0,0.0,56,0.0,0.0,0.0
6849,Rui Patrício,28,2520,0,0.0,0,0.0,0,0,1,0,GK,Wolverhampton Wanderers,0,0.0,0.913525472395122,0.913525472395122,455,0.0,0.0,0.0
6852,Matt Doherty,14,1045,0,0.31473442912101746,2,0.7148577719926834,1,10,2,1,D M S,Tottenham,0,0.31473442912101746,4.205474413000046,3.620691475458443,457,0.0271063144697527,0.0271063144697527,0.061566698066355514
6856,Rúben Vinagre,2,173,0,0.0,0,0.0,0,0,0,0,D S,Wolverhampton Wanderers,0,0.0,0.17874661833047867,0.17874661833047867,471,0.0,0.0,0.0
6857,Morgan Gibbs-White,3,95,0,0.0,0,0.052407797425985336,0,3,0,0,F S,Wolverhampton Wanderers,0,0.0,0.20492501184344286,0.18318479880690572,473,0.0,0.0,0.049649492298301894
6875,Rúnar Alex Rúnarsson,1,11,0,0.0,0,0.0,0,0,0,0,S,Arsenal,0,0.0,0.0,0.0,547,0.0,0.0,0.0
6880,Edouard Mendy,23,2070,0,0.0,0,0.0,0,0,0,0,GK,Chelsea,0,0.0,2.9931526500731707,2.9931526500731707,548,0.0,0.0,0.0
6923,Mohammed Salisu,5,351,0,0.049218334257602685,0,0.050220083445310586,2,1,0,0,D S,Southampton,0,0.049218334257602685,0.8518767468631268,0.8016566634178162,479,0.012620085707077611,0.012620085707077611,0.01287694447315656
6932,Okay Yokuslu,6,440,0,0.1388759072870016,0,0.08920527994632721,4,3,1,0,M S,West Bromwich Albion,0,0.1388759072870016,1.3948350492864847,1.2538940012454989,654,0.028406435581432146,0.028406435581432146,0.018246534534476017
6962,Robin Olsen,5,450,0,0.0,0,0.0,0,0,1,0,GK,Everton,0,0.0,0.0,0.0,573,0.0,0.0,0.0
7077,Denis Odoi,3,270,0,0.04002567008137703,0,0.050192393362522125,2,1,1,0,D,Fulham,0,0.04002567008137703,0.4257061406970024,0.3856804743409157,525,0.013341890027125677,0.013341890027125677,0.016730797787507374
7078,Sean Longstaff,12,822,0,0.3013838762417436,0,0.17182407528162005,8,6,2,0,M S,Newcastle United,0,0.3013838762417436,1.2429176978766918,1.0563800930976868,480,0.03299823462500843,0.03299823462500843,0.018812854957841612
7184,Tim Ream,5,450,0,0.0,0,0.0,0,0,0,0,D,Fulham,0,0.0,0.6187397316098213,0.6187397316098213,176,0.0,0.0,0.0
7187,Sergio Reguilón,16,1323,0,0.9461086094379424,3,1.7620441354811192,17,10,3,0,D M S,Tottenham,0,0.9461086094379424,6.2101415023207664,4.099906176328658,542,0.06436112989373759,0.06436112989373759,0.11986694799191287
7230,Emile Smith Rowe,12,865,0,0.5424410849809647,4,2.4030025191605096,7,16,0,0,M S,Arsenal,0,0.5424410849809647,5.093669056892394,3.2995232939720154,23,0.0564389568188287,0.0564389568188287,0.2500233834964692
7236,Leander Dendoncker,23,1861,0,2.952736764214933,0,0.5813330281525849,27,17,3,0,D M S,Wolverhampton Wanderers,0,2.952736764214933,5.919438289478421,3.4832158740609884,464,0.14279758666273185,0.14279758666273185,0.028113902489915445
7280,Yan Valery,3,95,0,0.2929137125611305,0,0.09160998463630676,2,1,0,0,D S,Southampton,0,0.2929137125611305,0.4703280627727509,0.17741435766220093,378,0.2774972013737026,0.2774972013737026,0.08678840649755377
7298,Ben White,26,2308,0,0.2949073314666748,0,0.8766345968469977,6,7,2,0,D M,Brighton,0,0.2949073314666748,6.568573474884032,6.215848125517367,74,0.011499852613518515,0.011499852613518515,0.03418419138484827
7326,Kayne Ramsay,1,90,0,0.0,0,0.0,0,0,1,0,D,Southampton,0,0.0,0.016576746478676796,0.016576746478676796,598,0.0,0.0,0.0
7332,Max Kilman,15,1105,0,0.29298992082476616,1,0.3130578696727753,5,5,3,0,D S,Wolverhampton Wanderers,0,0.29298992082476616,1.898893151432276,1.719623114913702,470,0.02386343246536557,0.02386343246536557,0.025497926036696632
7376,Ozan Kabak,4,360,0,0.0,0,0.0,0,0,2,0,D,Liverpool,0,0.0,0.324570182710886,0.324570182710886,652,0.0,0.0,0.0
7382,Dan Burn,19,1469,0,0.7897226074710488,0,0.5032037198543549,13,6,5,0,D M S,Brighton,0,0.7897226074710488,3.7524934578686953,3.2718386854976416,61,0.04838327751694649,0.04838327751694649,0.03082936336752344
7383,Josh Benson,6,257,0,0.20441411435604093,0,0.0,2,0,0,0,M S,Burnley,0,0.20441411435604093,0.15730134770274162,0.13246959820389748,535,0.07158470930756297,0.07158470930756297,0.0
7395,Carlos Vinicius,7,162,0,0.5343850553035736,0,0.10279384814202784,5,2,1,0,F S,Tottenham,0,0.5343850553035736,0.7006563395261765,0.08671846613287926,564,0.2968805862797631,0.2968805862797631,0.05710769341223769
7589,Wesley Fofana,18,1511,0,0.9474801011383532,0,0.21423768252134326,7,4,5,0,D S,Leicester,0,0.9474801011383532,2.8202905934304,2.79390967451036,561,0.056434949769987953,0.056434949769987953,0.012760682612125013
7689,Ben Godfrey,20,1770,0,0.4289536029100418,1,0.5778381284326315,5,2,4,0,D S,Everton,0,0.4289536029100418,3.4854301083832984,3.296949090436101,566,0.021811200147968227,0.021811200147968227,0.029381599750811768
7691,Jamal Lewis,23,1823,0,0.1195766255259514,1,0.9897835236042738,3,14,4,0,D S,Newcastle United,0,0.1195766255259514,4.688646201044321,3.727763444185257,513,0.005903398956300398,0.005903398956300398,0.04886479271770962
7699,Adam Webster,22,1966,0,1.0260562859475613,0,0.2532156016677618,21,5,3,0,D,Brighton,0,1.0260562859475613,5.719300739467144,5.5770380068570375,66,0.04697104055711115,0.04697104055711115,0.011591762029551658
7702,Dean Henderson,5,402,0,0.0,0,0.0,0,0,2,0,GK S,Manchester United,0,0.0,0.422219667583704,0.422219667583704,305,0.0,0.0,0.0
7703,John Egan,22,1899,0,0.27036252617836,1,0.5566368326544762,7,2,6,1,D,Sheffield United,0,0.27036252617836,3.5245886035263534,2.9130885321646933,353,0.012813389866272984,0.012813389866272984,0.026380892542866168
7704,Chris Basham,25,2062,0,0.4879140555858612,1,0.9673942476511002,8,10,3,0,D M,Sheffield United,0,0.4879140555858612,6.6207288429141045,5.306084370240568,345,0.021295957809276192,0.021295957809276192,0.04222380324374346
7705,Jack O'Connell,2,180,0,0.0,0,0.0,0,0,0,0,D,Sheffield United,0,0.0,0.0,0.0,354,0.0,0.0,0.0
7706,George Baldock,23,2023,0,1.2784179113805294,2,2.3047125469893217,12,13,4,0,D,Sheffield United,0,1.2784179113805294,5.519978681579231,3.523231687024236,351,0.05687474642819953,0.05687474642819953,0.10253293585221895
7707,Enda Stevens,20,1800,0,1.253095492720604,0,0.7133509870618582,13,9,3,0,D,Sheffield United,0,1.253095492720604,5.444763684645295,4.113900255411863,347,0.0626547746360302,0.0626547746360302,0.03566754935309291
7708,John Lundstram,23,1747,0,1.8757738769054413,2,1.4599024429917336,20,20,6,1,M S,Sheffield United,0,1.1146050393581393,6.965554352849723,5.05516586266458,355,0.09663402914796206,0.05742098084844449,0.07520962785876131
7709,John Fleck,21,1676,0,0.4453360550105572,2,2.002813852392137,14,24,3,0,M S,Sheffield United,0,0.4453360550105572,4.471605673432349,2.9017873909324408,346,0.02391422729770295,0.02391422729770295,0.10754966987785938
7710,Oliver Norwood,22,1370,0,0.24583517387509346,0,0.9345490895211696,6,20,4,0,M S,Sheffield United,0,0.24583517387509346,3.7353479154407982,3.236668197438121,349,0.01614975594799884,0.01614975594799884,0.061393735807960044
7714,Ben Osborn,15,903,0,0.2143931090831757,0,1.8487949203699827,4,11,1,0,D M S,Sheffield United,0,0.2143931090831757,3.188934238627553,2.3858654387295246,356,0.02136808396177831,0.02136808396177831,0.18426527445548
7722,Trézéguet,17,915,0,3.0672440845519304,1,2.0625345800071955,24,10,0,0,F M S,Aston Villa,0,3.0672440845519304,5.317799570038916,1.0563568081706762,40,0.3016961394641243,0.3016961394641243,0.20287225377119958
7752,Gabriel Martinelli,5,211,0,0.4753895066678524,0,0.01862845942378044,7,1,0,0,M S,Arsenal,0,0.4753895066678524,1.1883360296487808,0.6943180561065674,26,0.202772775355956,0.202772775355956,0.007945788379811563
7817,Zack Steffen,1,90,0,0.0,0,0.0,0,0,0,0,GK,Manchester City,0,0.0,0.34973475337028503,0.34973475337028503,538,0.0,0.0,0.0
7904,Caoimhin Kelleher,2,180,0,0.0,0,0.0,0,0,0,0,GK,Liverpool,0,0.0,0.44792696833610535,0.44792696833610535,560,0.0,0.0,0.0
7983,Daniel N'Lundulu,11,80,0,0.026467276737093925,0,0.03030879609286785,1,1,0,0,S,Southampton,0,0.026467276737093925,0.05677607282996178,0.026467276737093925,590,0.029775686329230666,0.029775686329230666,0.03409739560447633
7988,Billy Gilmour,2,29,0,0.0,0,0.0,0,0,0,0,S,Chelsea,0,0.0,0.17623157054185867,0.17623157054185867,124,0.0,0.0,0.0
8016,Matthew Longstaff,5,376,0,0.0,0,0.3137078955769539,0,2,0,0,M S,Newcastle United,0,0.0,0.4224841073155403,0.10877621918916702,487,0.0,0.0,0.07508965585618577
8040,Marvelous Nakamba,9,439,0,0.03308352828025818,0,0.05933398939669132,2,2,2,0,M S,Aston Villa,0,0.03308352828025818,0.4445271547883749,0.3629515264183283,44,0.006782500103014204,0.006782500103014204,0.012164143612077946
8045,Eric Garcia,3,198,0,0.013568151742219923,0,0.008322987705469131,1,1,0,0,D S,Manchester City,0,0.013568151742219923,0.4251762852072716,0.4116081222891808,288,0.006167341701009055,0.006167341701009055,0.0037831762297586956
8075,Brandon Williams,2,5,0,0.0,0,0.0,0,0,0,0,S,Manchester United,0,0.0,0.0,0.0,318,0.0,0.0,0.0
8109,Niels Nkounkou,1,70,0,0.01695982180535793,0,0.0,1,0,1,0,D,Everton,0,0.01695982180535793,0.030957642942667007,0.013997821137309073,559,0.021805485178317336,0.021805485178317336,0.0
8150,Anthony Gordon,3,87,0,0.0,0,0.01913999207317829,0,1,0,0,M S,Everton,0,0.0,0.18850479647517204,0.18850479647517204,168,0.0,0.0,0.01979999179983961
8180,Owen Otasowie,5,113,0,0.6085600210353732,1,0.3887685835361481,2,2,1,0,M S,Wolverhampton Wanderers,0,0.6085600210353732,1.2459713136777282,0.30153314489871264,581,0.4846938220635716,0.4846938220635716,0.3096386948517994
8204,Neco Williams,5,251,0,0.08622520789504051,0,0.19339871406555176,2,3,1,0,D S,Liverpool,0,0.08622520789504051,1.0746421925723553,0.7950182408094406,318,0.03091740522132927,0.03091740522132927,0.0693461524537835
8214,Tyrick Mitchell,13,1170,0,0.11092577129602432,0,0.12760210037231445,1,2,1,0,D,Crystal Palace,0,0.11092577129602432,2.2243454791605477,2.078435841947794,146,0.008532751638155717,0.008532751638155717,0.009815546182485728
8222,Japhet Tanganga,2,139,0,0.0,0,0.0,0,0,0,0,D,Tottenham,0,0.0,0.13272935524582866,0.13272935524582866,402,0.0,0.0,0.0
8224,William Smallbone,3,174,0,0.046092383563518524,0,0.0,1,0,0,0,M S,Southampton,0,0.046092383563518524,0.18661439046263692,0.14052199944853785,379,0.02384088805009579,0.02384088805009579,0.0
8227,Oskar Buur,1,20,0,0.0,0,0.0,0,0,0,0,S,Wolverhampton Wanderers,0,0.0,0.0,0.0,467,0.0,0.0,0.0
8228,Nathaniel Phillips,9,731,0,0.16437240317463875,0,0.05990455113351345,5,2,2,0,D S,Liverpool,0,0.16437240317463875,1.9180971551686523,1.863400908187032,589,0.020237368379914484,0.020237368379914484,0.007375389332443517
8286,Jack Robinson,8,609,0,0.5949212983250618,0,0.0,4,0,2,0,D S,Sheffield United,0,0.5949212983250618,1.155645815655589,1.155645815655589,484,0.08791940369335889,0.08791940369335889,0.0
8300,Steven Bergwijn,16,1031,0,1.5181242637336254,2,0.6608175840228796,12,10,2,0,F M S,Tottenham,0,1.5181242637336254,3.8505779542028895,2.154218483716249,400,0.13252297161593238,0.13252297161593238,0.05768533711159957
8323,Josh Brownhill,23,1960,0,0.9385212268680334,0,0.5859097391366959,22,11,1,0,M S,Burnley,0,0.9385212268680334,3.3319781832396984,2.687336029484868,98,0.043095362458226025,0.043095362458226025,0.02690401863382787
8351,Ki-Jana Hoever,9,387,0,0.057456035166978836,0,0.1140793152153492,1,2,1,0,D S,Wolverhampton Wanderers,0,0.057456035166978836,0.7378136552870274,0.6063812635838985,545,0.013361868643483451,0.013361868643483451,0.026530073305895165
8380,Pablo Marí,6,540,0,0.0405227430164814,0,0.05424394831061363,2,1,1,0,D,Arsenal,0,0.0405227430164814,1.7743692696094513,1.760132759809494,10,0.0067537905027469,0.0067537905027469,0.009040658051768938
8456,Nathan Tella,10,368,0,0.7735896781086922,0,0.0,9,0,2,0,F M S,Southampton,0,0.7735896781086922,0.9797074757516384,0.28769608959555626,524,0.18919312779832148,0.18919312779832148,0.0
8482,Bailey Peacock-Farrell,1,90,0,0.0,0,0.0,0,0,0,0,GK,Burnley,0,0.0,0.007730923593044281,0.007730923593044281,99,0.0,0.0,0.0
8493,Jake Vokins,1,69,0,0.0,0,0.03704096004366875,0,1,0,0,D,Southampton,0,0.0,0.17254392802715302,0.13550297915935516,380,0.0,0.0,0.04831429570913315
8511,Alexandre Jankewitz,2,2,0,0.0,0,0.0,0,0,0,1,M S,Southampton,0,0.0,0.09200882166624068,0.09200882166624068,643,0.0,0.0,0.0
8562,Luke Thomas,6,416,0,0.09563640877604483,0,0.08139172196388245,2,2,2,0,D,Leicester,0,0.09563640877604483,0.2592373415827751,0.1482851356267929,240,0.020690569206355855,0.020690569206355855,0.01760878600180149
8566,Joel Mumbongo,3,32,0,0.0,0,0.0,0,0,1,0,S,Burnley,0,0.0,0.0,0.0,613,0.0,0.0,0.0
8704,Marek Rodák,1,90,0,0.0,0,0.0,0,0,0,0,GK,Fulham,0,0.0,0.02052751183509827,0.02052751183509827,186,0.0,0.0,0.0
8715,Illan Meslier,26,2340,0,0.0,0,0.042197324335575104,0,1,0,0,GK,Leeds,0,0.0,4.60621262807399,4.564015311188996,213,0.0,0.0,0.0016229740129067348
8716,Luke Ayling,27,2410,0,1.1726946812123058,0,2.2807193156331778,17,23,5,0,D M,Leeds,0,1.1726946812123058,11.260859187692404,9.395469279959796,197,0.043793577306683616,0.043793577306683616,0.0851720906253054
8719,Kalvin Phillips,19,1667,0,0.2374471044167876,2,2.4550612196326256,9,25,6,0,M,Leeds,0,0.2374471044167876,6.527605740353465,5.652778377756476,204,0.012819579722562018,0.012819579722562018,0.1325467965008616
8721,Jamie Shackleton,12,445,0,0.0,0,0.12087768502533434,0,2,0,0,D M S,Leeds,0,0.0,2.1937082447111607,2.1937082447111607,210,0.0,0.0,0.02444717225231481
8723,Ian Poveda-Ocampo,10,229,0,0.6604137122631073,0,0.8861515372991562,5,3,0,0,S,Leeds,0,0.6604137122631073,1.6506948173046112,0.10412959195673466,209,0.2595512406274221,0.2595512406274221,0.34826916313067274
8756,Dara O&#039;Shea,21,1710,0,0.05110972560942173,0,0.11929176840931174,2,5,3,0,D S,West Bromwich Albion,0,0.05110972560942173,1.2915193876251578,1.2316550388932228,425,0.0026899855583906174,0.0026899855583906174,0.0062785141268058816
8757,Romaine Sawyers,19,1495,0,0.1499063465744257,0,0.6822901219129562,4,6,3,0,M S,West Bromwich Albion,0,0.1499063465744257,1.843244545161724,1.1865131705999374,413,0.009024462335584156,0.009024462335584156,0.04107432172051242
8758,Kyle Edwards,5,110,0,0.11881578713655473,0,0.02137883752584457,2,1,0,0,M S,West Bromwich Albion,0,0.11881578713655473,0.1922821402549744,0.05208751931786537,421,0.09721291674809023,0.09721291674809023,0.017491776157509194
8777,Vitinha,12,213,0,0.5125841479748487,1,0.15958276204764846,3,5,0,0,M S,Wolverhampton Wanderers,0,0.5125841479748487,1.0632745232433078,0.824952645227313,515,0.21658485125697835,0.21658485125697835,0.06742933607647118
8852,Konstantinos Tsimikas,1,3,0,0.0,0,0.0,0,0,0,0,S,Liverpool,0,0.0,0.0,0.0,242,0.0,0.0,0.0
8864,Matthew Cash,21,1832,0,0.2089309673756361,2,1.2460766062140465,7,17,5,0,D,Aston Villa,0,0.2089309673756361,5.723692145198584,4.7041987385600805,496,0.010264075908191731,0.010264075908191731,0.061215553798724995
8868,Liam Delap,1,39,0,0.06408517062664032,0,0.0,1,0,0,0,S,Manchester City,0,0.06408517062664032,0.06408517062664032,0.0,539,0.14788885529224688,0.14788885529224688,0.0
8905,Conor Townsend,15,1337,0,0.13838739786297086,0,1.3496782295405865,4,12,0,0,D M,West Bromwich Albion,0,0.13838739786297086,2.765483409166336,1.6120797023177147,418,0.009315531643730274,0.009315531643730274,0.09085343355172235
8918,Max Lowe,8,554,0,0.08675811626017094,0,0.18749843537807465,2,2,1,0,D S,Sheffield United,0,0.08675811626017094,1.3047466501593592,1.0304901078343391,511,0.014094278814829213,0.014094278814829213,0.03046003462820707
8919,Leif Davis,2,28,0,0.0,0,0.0,0,0,0,0,S,Leeds,0,0.0,0.2329990118741989,0.2329990118741989,214,0.0,0.0,0.0
8940,Antonee Robinson,22,1699,0,0.3988830298185349,0,1.6286216825246809,7,23,4,1,D M S,Fulham,0,0.3988830298185349,6.644379250705242,5.398171667940915,484,0.021129766146950054,0.021129766146950054,0.08627189607252578
8941,Jacob Ramsey,12,314,0,0.2346287034451961,0,0.08526021987199782,5,2,0,0,M S,Aston Villa,0,0.2346287034451961,0.8971264325082302,0.6877743974328041,554,0.06725026531868677,0.06725026531868677,0.024437642638470713
8965,Vladimir Coufal,23,2066,0,0.9239619411528109,3,4.0940967714414,9,28,2,0,D M,West Ham,0,0.9239619411528109,8.335426919162272,4.015332110226153,558,0.040250036158641325,0.040250036158641325,0.17834884289918973
8966,Filip Krovinovic,11,537,0,0.2156818900257349,0,0.17187480628490448,8,5,0,0,M S,West Bromwich Albion,0,0.2156818900257349,0.6958095971494913,0.4774555675685406,555,0.0361478027976092,0.0361478027976092,0.028805833455570584
9082,Lewis Richardson,1,1,0,0.0,0,0.0,0,0,0,0,S,Burnley,0,0.0,0.0,0.0,592,0.0,0.0,0.0
9086,Rhys Williams,3,209,0,0.05132218077778816,0,0.11884616315364838,1,1,0,0,D S,Liverpool,0,0.05132218077778816,0.5847888290882111,0.4659426510334015,318,0.02210046062201404,0.02210046062201404,0.051177773606834225
9098,Robert Sánchez,16,1440,0,0.0,0,0.0,0,0,0,0,GK,Brighton,0,0.0,1.1480783969163897,1.1480783969163897,597,0.0,0.0,0.0
9099,Andi Zeqiri,3,57,0,0.8148273341357708,0,0.0,5,0,0,0,S,Brighton,0,0.8148273341357708,0.13338156789541245,0.0,574,1.286569474951217,1.286569474951217,0.0
9154,Elliot Anderson,1,3,0,0.0,0,0.0,0,0,0,0,S,Newcastle United,0,0.0,0.0,0.0,602,0.0,0.0,0.0
9219,Niall Huggins,1,35,0,0.0,0,0.0,0,0,0,0,S,Leeds,0,0.0,0.4292361736297608,0.4292361736297608,619,0.0,0.0,0.0
9222,Antwoine Hackford,1,4,0,0.1034446656703949,0,0.0,1,0,0,0,S,Sheffield United,0,0.1034446656703949,0.11183098703622818,0.008386322297155857,618,2.327504977583885,2.327504977583885,0.0
9249,Percy Tau,2,84,0,0.0,0,0.033057164400815964,0,1,0,0,M S,Brighton,0,0.0,0.10821081697940826,0.0751536563038826,627,0.0,0.0,0.035418390429445674
9250,Reda Khadra,1,3,0,0.0,0,0.0,0,0,0,0,S,Brighton,0,0.0,0.0,0.0,630,0.0,0.0,0.0
9256,Caleb Watts,3,30,0,0.0,0,0.0,0,0,1,0,S,Southampton,0,0.0,0.0,0.0,636,0.0,0.0,0.0
9257,Allan Tchaptchet,1,10,0,0.0,0,0.0,0,0,0,0,S,Southampton,0,0.0,0.0,0.0,635,0.0,0.0,0.0
9284,Jakub Moder,1,2,0,0.01770659163594246,0,0.0,1,0,0,0,S,Brighton,0,0.01770659163594246,0.01770659163594246,0.0,628,0.7967966236174107,0.7967966236174107,0.0
9332,Dane Scarlett,1,1,0,0.0,0,0.0,0,0,0,0,S,Tottenham,0,0.0,0.0,0.0,666,0.0,0.0,0.0
9359,Shola Shoretire,1,1,0,0.0,0,0.0,0,0,0,0,S,Manchester United,0,0.0,0.0,0.0,673,0.0,0.0,0.0
9395,Sidnei Tavares,2,84,0,0.02079845406115055,0,0.0,1,0,0,0,M S,Leicester,0,0.02079845406115055,0.02079845406115055,0.0,676,0.022284057922661304,0.022284057922661304,0.0
